CREATE DATABASE  IF NOT EXISTS `Hoyoverse` /*!40100 DEFAULT CHARACTER SET utf8mb4 COLLATE utf8mb4_0900_ai_ci */ /*!80016 DEFAULT ENCRYPTION='N' */;
USE `Hoyoverse`;
-- MySQL dump 10.13  Distrib 8.3.0, for Linux (x86_64)
--
-- Host: localhost    Database: Hoyoverse
-- ------------------------------------------------------
-- Server version	8.3.0

/*!40101 SET @OLD_CHARACTER_SET_CLIENT=@@CHARACTER_SET_CLIENT */;
/*!40101 SET @OLD_CHARACTER_SET_RESULTS=@@CHARACTER_SET_RESULTS */;
/*!40101 SET @OLD_COLLATION_CONNECTION=@@COLLATION_CONNECTION */;
/*!50503 SET NAMES utf8 */;
/*!40103 SET @OLD_TIME_ZONE=@@TIME_ZONE */;
/*!40103 SET TIME_ZONE='+00:00' */;
/*!40014 SET @OLD_UNIQUE_CHECKS=@@UNIQUE_CHECKS, UNIQUE_CHECKS=0 */;
/*!40014 SET @OLD_FOREIGN_KEY_CHECKS=@@FOREIGN_KEY_CHECKS, FOREIGN_KEY_CHECKS=0 */;
/*!40101 SET @OLD_SQL_MODE=@@SQL_MODE, SQL_MODE='NO_AUTO_VALUE_ON_ZERO' */;
/*!40111 SET @OLD_SQL_NOTES=@@SQL_NOTES, SQL_NOTES=0 */;

--
-- Table structure for table `cart`
--

DROP TABLE IF EXISTS `cart`;
/*!40101 SET @saved_cs_client     = @@character_set_client */;
/*!50503 SET character_set_client = utf8mb4 */;
CREATE TABLE `cart` (
  `id` varchar(255) NOT NULL,
  `user_id` int DEFAULT NULL,
  PRIMARY KEY (`id`),
  UNIQUE KEY `UK_9emlp6m95v5er2bcqkjsw48he` (`user_id`),
  CONSTRAINT `FKl70asp4l4w0jmbm1tqyofho4o` FOREIGN KEY (`user_id`) REFERENCES `user` (`id`)
) ENGINE=InnoDB DEFAULT CHARSET=utf8mb4 COLLATE=utf8mb4_0900_ai_ci;
/*!40101 SET character_set_client = @saved_cs_client */;

--
-- Dumping data for table `cart`
--

LOCK TABLES `cart` WRITE;
/*!40000 ALTER TABLE `cart` DISABLE KEYS */;
INSERT INTO `cart` VALUES ('3639498e',2),('2d6a8d35',3);
/*!40000 ALTER TABLE `cart` ENABLE KEYS */;
UNLOCK TABLES;

--
-- Table structure for table `cart_item`
--

DROP TABLE IF EXISTS `cart_item`;
/*!40101 SET @saved_cs_client     = @@character_set_client */;
/*!50503 SET character_set_client = utf8mb4 */;
CREATE TABLE `cart_item` (
  `id` varchar(255) NOT NULL,
  `quantity` int NOT NULL,
  `cart_id` varchar(255) DEFAULT NULL,
  `figure_id` varchar(255) DEFAULT NULL,
  PRIMARY KEY (`id`),
  KEY `FK1uobyhgl1wvgt1jpccia8xxs3` (`cart_id`),
  KEY `FKyxngkiuy9hbqobfafuguy6ga` (`figure_id`),
  CONSTRAINT `FK1uobyhgl1wvgt1jpccia8xxs3` FOREIGN KEY (`cart_id`) REFERENCES `cart` (`id`),
  CONSTRAINT `FKyxngkiuy9hbqobfafuguy6ga` FOREIGN KEY (`figure_id`) REFERENCES `figure` (`id`)
) ENGINE=InnoDB DEFAULT CHARSET=utf8mb4 COLLATE=utf8mb4_0900_ai_ci;
/*!40101 SET character_set_client = @saved_cs_client */;

--
-- Dumping data for table `cart_item`
--

LOCK TABLES `cart_item` WRITE;
/*!40000 ALTER TABLE `cart_item` DISABLE KEYS */;
/*!40000 ALTER TABLE `cart_item` ENABLE KEYS */;
UNLOCK TABLES;

--
-- Table structure for table `category`
--

DROP TABLE IF EXISTS `category`;
/*!40101 SET @saved_cs_client     = @@character_set_client */;
/*!50503 SET character_set_client = utf8mb4 */;
CREATE TABLE `category` (
  `id` varchar(255) NOT NULL,
  `name` varchar(255) DEFAULT NULL,
  PRIMARY KEY (`id`)
) ENGINE=InnoDB DEFAULT CHARSET=utf8mb4 COLLATE=utf8mb4_0900_ai_ci;
/*!40101 SET character_set_client = @saved_cs_client */;

--
-- Dumping data for table `category`
--

LOCK TABLES `category` WRITE;
/*!40000 ALTER TABLE `category` DISABLE KEYS */;
INSERT INTO `category` VALUES ('a203c64b','Nendoroid'),('b326c263','Scale Figure');
/*!40000 ALTER TABLE `category` ENABLE KEYS */;
UNLOCK TABLES;

--
-- Table structure for table `figure`
--

DROP TABLE IF EXISTS `figure`;
/*!40101 SET @saved_cs_client     = @@character_set_client */;
/*!50503 SET character_set_client = utf8mb4 */;
CREATE TABLE `figure` (
  `id` varchar(255) NOT NULL,
  `available_quantity` int NOT NULL,
  `character_name` varchar(255) DEFAULT NULL,
  `price` int NOT NULL,
  `release_date` date DEFAULT NULL,
  `size` varchar(255) DEFAULT NULL,
  `title` varchar(255) DEFAULT NULL,
  `total_quantity` int NOT NULL,
  `category_id` varchar(255) DEFAULT NULL,
  `manufacturer_id` varchar(255) DEFAULT NULL,
  `series_id` varchar(255) DEFAULT NULL,
  PRIMARY KEY (`id`),
  KEY `FK3krac9iw3hei93vewptj6acix` (`category_id`),
  KEY `FKtbfskfsul1q1jetwgo82y8f46` (`manufacturer_id`),
  KEY `FKaqw4270amphgd00era1wtn7cp` (`series_id`),
  CONSTRAINT `FK3krac9iw3hei93vewptj6acix` FOREIGN KEY (`category_id`) REFERENCES `category` (`id`),
  CONSTRAINT `FKaqw4270amphgd00era1wtn7cp` FOREIGN KEY (`series_id`) REFERENCES `series` (`id`),
  CONSTRAINT `FKtbfskfsul1q1jetwgo82y8f46` FOREIGN KEY (`manufacturer_id`) REFERENCES `manufacturer` (`id`)
) ENGINE=InnoDB DEFAULT CHARSET=utf8mb4 COLLATE=utf8mb4_0900_ai_ci;
/*!40101 SET character_set_client = @saved_cs_client */;

--
-- Dumping data for table `figure`
--

LOCK TABLES `figure` WRITE;
/*!40000 ALTER TABLE `figure` DISABLE KEYS */;
INSERT INTO `figure` VALUES ('01df1624',200,'Yae Miko',2100000,'2024-03-05','H14 x 13 x 13cm','Yae Miko chibi - Genshin Impact - CR Studio',300,'a203c64b','dc639d34','7ff0506c'),('08f86092',145,'Acheron',5800000,'2024-05-15','1/6 H41 x 24,8 x 28,5cm','Acheron - Honkai Star Rail - Hakimi Studio',168,'b326c263','695b340b','27e8a22d'),('0ef1e441',194,'Lumine',1350000,'2023-10-01','H12cm','Nendoroid 1718 Lumine Genshin Impact',200,'a203c64b','3522db7d','7ff0506c'),('0ff6eb68',289,'Furina',4800000,'2024-03-20','1/6','Furina - Genshin Impact - Miyin Studio',300,'b326c263','b581366f','7ff0506c'),('15e625e8',256,'Fu Xuan',4800000,'2023-09-10','1/6 H28 x 15 x 12cm','Fu Xuan - Honkai Star Rail - Arctic Wolf Studio',300,'b326c263','c0f8ce72','27e8a22d'),('184deed4',200,'Furina & Focalors',7500000,'2024-03-17','1/6 H42,5 xD26 x W39,4cm','Furina & Focalors - Genshin Impact - Hakimi Studio',299,'b326c263','695b340b','7ff0506c'),('189c3aea',192,'Venti',2300000,'2023-02-15','24 x 17 x 15cm','Venti cute - Genshin Impact - Bubble Dream Studio',198,'a203c64b','da941411','7ff0506c'),('18e68671',165,'March 7th',1300000,'2024-03-26','10cm','March 7th - Honkai Star Rail - Good Smile Company',188,'a203c64b','3522db7d','27e8a22d'),('1d03d5af',176,'Raiden Shogun',1750000,'2024-01-10','H16 x 12 x 14cm','Raiden Shogun chibi - Genshin Impact - Big Cute Studio',188,'a203c64b','64c7ff90','7ff0506c'),('226cb840',110,'Ruan Mei',5700000,'2024-04-13','1/6','Ruan Mei - Honkai Star Rail - Imagination Studio',128,'b326c263','57ffea1b','27e8a22d'),('28590f63',167,'Hutao',2550000,'2024-04-15','H22 x 14 x 14cm','Hutao chibi - Genshin Impact - Thundebot Studio',198,'a203c64b','375f7bcf','7ff0506c'),('28c85d8b',295,'Ruan Mei',6200000,'2023-12-29','1/6','Ruan Mei - Honkai Star Rail - Arctic Wolf Studio x Miyin Studio',300,'b326c263','c0f8ce72','27e8a22d'),('2d3c262a',259,'Aether',3650000,'2023-10-31','1/7 H27cm','Aether - Genshin Impact - miHoYo x Kotobukiya',299,'b326c263','3522db7d','7ff0506c'),('2eb2b16d',250,'Kafka',4300000,'2024-04-25','H26 x 22 x 17cm','Kafka - Honkai Star Rail - Miyin Studio',300,'b326c263','b581366f','27e8a22d'),('33b8ec77',250,'Lumine',3650000,'2023-10-31','1/7 H25,5cm','Lumine - Genshin Impact - miHoYo x Kotobukiya',299,'b326c263','3522db7d','7ff0506c'),('37f2270a',289,'Diona',5600000,'2022-01-17','1/6 H26 x 16 x 12cm','Diona - Genshin Impact - ABsinthe Studio',300,'b326c263','77e146ce','7ff0506c'),('38783ab6',125,'Klee',2350000,'2024-02-15','24 x 18 x 15cm','Klee cute - Genshin Impact - Bubble Dream Studio',198,'a203c64b','da941411','7ff0506c'),('38abd59a',195,'Aether',1350000,'2023-10-01','H12cm','Nendoroid 1717 Aether Genshin Impact',200,'a203c64b','3522db7d','7ff0506c'),('3b44a63b',145,'Raiden Shogun',12000000,'2024-04-29','1/6 H60 x 45 x 40cm','Raiden Shogun: Boss Mode - Genshin Impact - Imagination Studio (YY Studio)',188,'b326c263','57ffea1b','7ff0506c'),('3f9b2c3b',277,'Himeko',4100000,'2024-02-24','1/6 16 x 27 x 30cm','Himeko - Honkai Star Rail - Miyin Studio',300,'b326c263','b581366f','27e8a22d'),('436d449e',178,'Keqing',3450000,'2023-12-21','1/7 32 x 22 x 19cm','Keqing - Genshin Impact - miHoYo x APEX Toys',200,'b326c263','3522db7d','7ff0506c'),('4492fb2f',248,'Dan Heng: Imbibitor Lunae',7500000,'2023-10-25','1/6 H50 x 35 x 28cm','Dan Heng: Imbibitor Lunae - Honkai Star Rail - ABsinthe Studio',300,'b326c263','77e146ce','27e8a22d'),('490262fb',360,'Bronya',5600000,'2024-01-01','1/6 H43 x 23 x 31cm','Bronya - Honkai Star Rail - Imagination Studio',370,'b326c263','57ffea1b','27e8a22d'),('4c25302a',249,'Qingque',4800000,'2023-04-18','1/6','Qingque - Honkai Star Rail - Arctic Wolf Studio',300,'b326c263','c0f8ce72','27e8a22d'),('4c841bbb',297,'Firefly',6000000,'2024-05-20','1/6','Firefly - Honkai Star Rail - Arctic Wolf Studio',299,'b326c263','c0f8ce72','27e8a22d'),('52da66d1',150,'Yoimiya',2100000,'2024-04-15','H14 x 13 x 13cm','Yoimiya chibi - Genshin Impact - CR Studio',300,'a203c64b','dc639d34','7ff0506c'),('5575e9ab',120,'Astral Express',2750000,'2024-03-29','10cm','Mini Figure Honkai Star Rail - miHoYo & APEX Innovation',128,'a203c64b','3522db7d','27e8a22d'),('56cb077f',195,'Sangonomiya Kokomi',2100000,'2024-05-03','H13 x 13 x 13cm','Sangonomiya Kokomi chibi - Genshin Impact - CR Studio',300,'a203c64b','dc639d34','7ff0506c'),('63f04f46',267,'Hutao',2100000,'2024-01-25','H16 x 12 x 11cm','Hutao chibi - Genshin Impact - CR Studio',300,'a203c64b','dc639d34','7ff0506c'),('686b9146',129,'Raiden Shogun',6700000,'2023-12-05','1/6 H43 x 22 x 22cm','Raiden Shogun - Genshin Impact - ABsinthe Studio',147,'b326c263','77e146ce','7ff0506c'),('6cb63306',176,'Sangonomiya Kokomi',1750000,'2024-01-10','H16 x 12 x 14cm','Sangonomiya Kokomi chibi - Genshin Impact - Big Cute Studio',188,'a203c64b','64c7ff90','7ff0506c'),('6d53830d',243,'Klee',2100000,'2024-02-17','H15 x 11 x 11cm','Klee chibi - Genshin Impact - CR Studio',300,'a203c64b','dc639d34','7ff0506c'),('72c25c22',197,'Xiao',4200000,'2023-12-25','1/7 28 x 28 x 27cm','Xiao 1/7 Scale Figure Genshin Impact',200,'b326c263','3522db7d','7ff0506c'),('7bd45adc',178,'Mona',2250000,'2024-04-25','H22 x 14 x 14cm','Mona - Genshin Impact - THUNDEBOT Studio',198,'a203c64b','375f7bcf','7ff0506c'),('7ea97030',189,'Ningquang',5490000,'2023-11-25','1/7 30 x 30 x 27cm','Mô hình Ningquang ver 1/7 Scale Figure Genshin Impact',200,'b326c263','3522db7d','7ff0506c'),('80106225',289,'Fishcl',5300000,'2023-12-05','1/7 H22cm','Fishcl - Genshin Impact - miHoYo x Alter',299,'b326c263','3522db7d','7ff0506c'),('8abe6af8',249,'Silver Wolf',4100000,'2024-04-01','1/6 H26 x 25 x 20cm','Silver Wolf - Honkai Star Rail - Miyin Studio',299,'b326c263','b581366f','27e8a22d'),('8e7347f7',289,'Silver Wolf',6000000,'2024-05-30','1/6 H23,6 x 21,3 x 29,3cm','Silver Wolf - Honkai Star Rail - Hakimi Studio',299,'b326c263','695b340b','27e8a22d'),('90d80433',139,'Acheron',7000000,'2024-03-17','1/6 H41 x 33 x 30cm','Acheron - Honkai Star Rail - ABsinthe Studio',200,'b326c263','77e146ce','27e8a22d'),('921bd52a',278,'Yae Miko',6800000,'2023-09-08','1/6 35 x 30 x 22cm','Yae Miko - Genshin Impact - ABsinthe Studio',288,'b326c263','77e146ce','7ff0506c'),('93231f15',186,'Mona',4750000,'2023-12-30','1/7 24,7 x 16 x 18,7cm','Mona 1/7 Scale Figure Genshin Impact',200,'b326c263','3522db7d','7ff0506c'),('933743f1',126,'Tingyun',850000,'2024-01-20','1/10 H17,5 x 10,6 x 11,3cm','Tingyun - Honkai Star Rail - miHoYo x Myethos',188,'b326c263','3522db7d','27e8a22d'),('95746ab6',127,'Kamisato Ayaka',3750000,'2024-05-20','1/7 H29cm','Mô hình Kamisato Ayaka Bạch Hạc Sương Hoa - Genshin Impact',199,'b326c263','3522db7d','7ff0506c'),('9acd0b95',220,'Clara x Svarog',5200000,'2024-05-23','1/6','Clara x Svarog - Honkai Star Rail - Imagination Studio x ACG Studio',228,'b326c263','57ffea1b','27e8a22d'),('a2c11bb3',256,'Firefly',3600000,'2024-03-10','1/6 H36.7 x 18.6 x 14,8cm','Firefly - Honkai Star Rail - Hakimi Studio',299,'b326c263','695b340b','27e8a22d'),('a4de7d4f',178,'Dan Heng',1250000,'2024-03-16','10cm','Dan Heng - Honkai Star Rail - Good Smile Company',188,'a203c64b','3522db7d','27e8a22d'),('abd843a2',192,'Ganyu',2950000,'2023-12-29','1/7 22 x 13 x 13cm','Ganyu 1/7 Scale Figure Genshin Impact',200,'b326c263','3522db7d','7ff0506c'),('adb7d18d',210,'Himeko',3600000,'2024-05-27','1/6 H22,5 x 18 x 19cm','Himeko - Honkai Star Rail - Imagination Studio (YY Studio)',216,'b326c263','57ffea1b','27e8a22d'),('af42eb4f',78,'Herta',720000,'2023-10-20','13.5 x 8.5cm','Mô hình chibi Herta - Honkai Star Rail',100,'a203c64b','3522db7d','27e8a22d'),('b19e2d01',99,'Yae Miko',2300000,'2024-02-15','24 x 15 x 15cm','Yae Miko cute - Genshin Impact - Bubble Dream Studio',198,'a203c64b','da941411','7ff0506c'),('b310155b',180,'Fu Xuan',4800000,'2024-04-03','1/6 H43 x 33 x 33cm','Fu Xuan - Honkai Rail Star - Hakimi Studio',199,'b326c263','695b340b','27e8a22d'),('b72f609f',287,'Klee',3250000,'2023-11-20','1/7 20 x 17 x 17,5cm','Klee 1/7 Scale Figure Genshin Impact',299,'b326c263','3522db7d','7ff0506c'),('b805a338',267,'Kafka',1900000,'2024-02-25','H14 x 12 x 12cm','Kafka chibi - Honkai Star Rail - CR Studio',300,'a203c64b','dc639d34','27e8a22d'),('be682dcc',293,'Sparkle',5200000,'2024-05-17','1/6 H29 x 15 x 14cm','Sparkle - Honkai Star Rail - Miyin Studio',300,'b326c263','b581366f','27e8a22d'),('be81435a',176,'Furina',2100000,'2024-02-10','H16 x 10 x 10cm','Furina chibi - Genshin Impact - CR Studio',188,'a203c64b','dc639d34','7ff0506c'),('bf8cfa02',172,'Keqing',1750000,'2024-01-10','H16 x12 x 14cm','Keqing chibi - Genshin Impact - Big Cute Studio',188,'a203c64b','64c7ff90','7ff0506c'),('c16677ad',150,'Sparkle',6800000,'2024-05-10','1/6 H35 x 26 x 17cm','Sparkle - Honkai Star Rail - Absinthe Studio',198,'b326c263','77e146ce','27e8a22d'),('c2906385',220,'Hutao',5400000,'2024-04-22','1/6 H33 x 18 x 15cm','Hutao - Genshin Impact - Imagination Studio',288,'b326c263','57ffea1b','7ff0506c'),('c7cc6cd8',199,'Kafka',3600000,'2024-02-12','H20 x 20 x 12cm','Kafka - Honkai Star Rail - Imagination Studio (YY Studio)',216,'b326c263','57ffea1b','27e8a22d'),('cbe518af',196,'Venti',1430000,'2023-10-01','H12cm','Nendoroid 1795 Venti Genshin Impact',200,'a203c64b','3522db7d','7ff0506c'),('cc2bb010',269,'Kafka',7000000,'2024-03-29','1/6 H33 x 23 x 20cm','Kafka - Honkai Star Rail - Hakimi Studio',299,'b326c263','695b340b','27e8a22d'),('d2031586',100,'Raiden Shogun',2300000,'2024-02-15','24 x 17 x 15cm','Raiden Shogun cute - Genshin Impact - Bubble Dream Studio',198,'a203c64b','da941411','7ff0506c'),('d6198ef1',178,'Ganyu',1750000,'2024-01-10','H16 x 12 x 14cm','Ganyu chibi - Genshin Impact - Big Cute Studio',188,'a203c64b','64c7ff90','7ff0506c'),('dc16b3d0',278,'Qiqi',2800000,'2023-12-21','1/8 16cm','Qiqi ver. 1/8 Figma Genshin Impact',299,'b326c263','3522db7d','7ff0506c'),('dc5fd20a',172,'Fu Xuan',3500000,'2024-01-27','1/7 H24 x 25 x 21cm ','Fu Xuan - Honkai Star Rail - miHoYo x APEX Toys',188,'b326c263','3522db7d','27e8a22d'),('dc8746dd',113,'Jingliu',5700000,'2024-03-20','1/6','Jingliu - Honkai Rail Star - Imagination Studio',128,'b326c263','57ffea1b','27e8a22d'),('df21ce8f',245,'Jingliu',5600000,'2023-09-19','1/6','Jingliu - Honkai Star Rail - Arctic Wolf Studio',300,'b326c263','c0f8ce72','27e8a22d'),('e07f9d6b',169,'Dan Heng Ẩm Nguyệt',3900000,'2024-02-27','1/6 H60cm','Dan Heng Ẩm Nguyệt - Honkai Star Rail - Imagination Studio',188,'b326c263','57ffea1b','27e8a22d'),('e1e7d78e',157,'Herta',3000000,'2024-01-23','1/8 H16cm','Herta Black Tower ver - Honkai Star Rail',188,'b326c263','3522db7d','27e8a22d'),('ec14baf3',187,'Mona',2270000,'2023-12-20','15cm','Mona Water Fantasy ver 1/8 Figma Genshin Impact',199,'b326c263','3522db7d','7ff0506c'),('f203c82d',167,'Hutao',2400000,'2024-02-15','24 x 15 x 18cm','Hutao cute - Genshin Impact - Bubble Dream Studio',198,'a203c64b','3522db7d','7ff0506c'),('f35b1c16',256,'Jingliu',6500000,'2023-07-29','1/6 cao 32 x 33 x 18cm','Jingliu - Honkai Star Rail - ABsinthe Studio',300,'b326c263','77e146ce','27e8a22d'),('f5130a33',235,'Raiden Shogun',1850000,'2024-01-29','13 x 12 x 12cm','Raiden Shogun chibi - Genshin Impact - CR Studio',300,'a203c64b','dc639d34','7ff0506c'),('f7f0e023',179,'Yae Miko',4200000,'2024-01-29','1/6 H31 x 24 x 22cm','Yae Miko - Genshin Impact - Imagination Studio (YY Studio)',199,'b326c263','57ffea1b','7ff0506c');
/*!40000 ALTER TABLE `figure` ENABLE KEYS */;
UNLOCK TABLES;

--
-- Table structure for table `image`
--

DROP TABLE IF EXISTS `image`;
/*!40101 SET @saved_cs_client     = @@character_set_client */;
/*!50503 SET character_set_client = utf8mb4 */;
CREATE TABLE `image` (
  `id` varchar(255) NOT NULL,
  `figure_id` varchar(255) DEFAULT NULL,
  PRIMARY KEY (`id`),
  UNIQUE KEY `UK_9g6sb7u5fj0nsmljjtvgwtt7t` (`figure_id`),
  CONSTRAINT `FKpbc8g8hngtkvmd985p2jgr6f8` FOREIGN KEY (`figure_id`) REFERENCES `figure` (`id`)
) ENGINE=InnoDB DEFAULT CHARSET=utf8mb4 COLLATE=utf8mb4_0900_ai_ci;
/*!40101 SET character_set_client = @saved_cs_client */;

--
-- Dumping data for table `image`
--

LOCK TABLES `image` WRITE;
/*!40000 ALTER TABLE `image` DISABLE KEYS */;
INSERT INTO `image` VALUES ('d138d523','01df1624'),('b00e4b44','08f86092'),('0642370a','0ef1e441'),('03c31db3','0ff6eb68'),('9b21a6dc','15e625e8'),('98648bb1','184deed4'),('94c34673','189c3aea'),('7406e182','18e68671'),('85b04b51','1d03d5af'),('f9578dc3','226cb840'),('b081b245','28590f63'),('a299f0be','28c85d8b'),('905991a9','2d3c262a'),('efe0032f','2eb2b16d'),('feef9c8d','33b8ec77'),('9772ce0e','37f2270a'),('9b254aeb','38783ab6'),('6eaa9a56','38abd59a'),('e4ea9191','3b44a63b'),('ae35e85c','3f9b2c3b'),('8e0199c5','436d449e'),('4050775a','4492fb2f'),('fa6b23ff','490262fb'),('88469f4b','4c25302a'),('a9d279cd','4c841bbb'),('93ae882e','52da66d1'),('024fc760','5575e9ab'),('ceecb7c1','56cb077f'),('49f402c9','63f04f46'),('5bbd07e2','686b9146'),('fc6289f0','6cb63306'),('91eda9e4','6d53830d'),('fa012afe','72c25c22'),('40e90cf6','7bd45adc'),('b9a2c452','7ea97030'),('881f8bba','80106225'),('0a13fa80','8abe6af8'),('ce89df46','8e7347f7'),('5f36932d','90d80433'),('aad1190d','921bd52a'),('027ec01b','93231f15'),('dc1647bf','933743f1'),('56742522','95746ab6'),('f469de77','9acd0b95'),('3d35d8e6','a2c11bb3'),('9a2b9946','a4de7d4f'),('a3d3514f','abd843a2'),('9b512310','adb7d18d'),('1e954041','af42eb4f'),('8f6d02aa','b19e2d01'),('7a54f552','b310155b'),('cd0a569f','b72f609f'),('f01dc16a','b805a338'),('a4fc236e','be682dcc'),('b6ace943','be81435a'),('fbadcfba','bf8cfa02'),('bdc0cff4','c16677ad'),('d20d1994','c2906385'),('444c5119','c7cc6cd8'),('0f0972fc','cbe518af'),('83b0b46c','cc2bb010'),('0f50018c','d2031586'),('d76b7177','d6198ef1'),('0d88624a','dc16b3d0'),('0f996138','dc5fd20a'),('8cc5daa7','dc8746dd'),('9573cb7e','df21ce8f'),('3ec38549','e07f9d6b'),('646e8381','e1e7d78e'),('06b7178b','ec14baf3'),('95cea1d1','f203c82d'),('63d89063','f35b1c16'),('5ba53f52','f5130a33'),('b584db80','f7f0e023');
/*!40000 ALTER TABLE `image` ENABLE KEYS */;
UNLOCK TABLES;

--
-- Table structure for table `image_urls`
--

DROP TABLE IF EXISTS `image_urls`;
/*!40101 SET @saved_cs_client     = @@character_set_client */;
/*!50503 SET character_set_client = utf8mb4 */;
CREATE TABLE `image_urls` (
  `image_id` varchar(255) NOT NULL,
  `urls` varchar(255) DEFAULT NULL,
  KEY `FK6i7rp0h8ff1px5lksb9vtndul` (`image_id`),
  CONSTRAINT `FK6i7rp0h8ff1px5lksb9vtndul` FOREIGN KEY (`image_id`) REFERENCES `image` (`id`)
) ENGINE=InnoDB DEFAULT CHARSET=utf8mb4 COLLATE=utf8mb4_0900_ai_ci;
/*!40101 SET character_set_client = @saved_cs_client */;

--
-- Dumping data for table `image_urls`
--

LOCK TABLES `image_urls` WRITE;
/*!40000 ALTER TABLE `image_urls` DISABLE KEYS */;
INSERT INTO `image_urls` VALUES ('b00e4b44','https://i.ibb.co/Q8Gwcwd/5919031e-ac2e-4c0e-9166-eb58fab7.jpg'),('b00e4b44','https://i.ibb.co/jb3nzNF/82c1e47b-5412-4637-8f18-5f651848.jpg'),('b00e4b44','https://i.ibb.co/y5J6M5H/62a57443-111e-4b64-8135-3edf9bfb.jpg'),('b00e4b44','https://i.ibb.co/p0QnrRP/7bfe07f0-7135-48a3-8d60-0178de78.jpg'),('b00e4b44','https://i.ibb.co/fpd996m/add60a31-c4ac-4637-8cf5-28ba0fcf.jpg'),('bdc0cff4','https://i.ibb.co/8XXXj0M/8ba48f50-ce89-47d3-919c-dbaf1b28.jpg'),('bdc0cff4','https://i.ibb.co/cv6m4v9/cac4b66d-b0cd-419d-85b5-78e6601e.jpg'),('bdc0cff4','https://i.ibb.co/FDQkYkR/af7b2ea4-c7c4-4c0d-9f74-0fb99b9a.jpg'),('bdc0cff4','https://i.ibb.co/1Z7GnpG/fc879b70-eaf1-4de3-9fe0-1db61646.jpg'),('bdc0cff4','https://i.ibb.co/pfmRvZ4/1121c004-d36c-4b71-8380-6cb8faa9.jpg'),('5bbd07e2','https://i.ibb.co/jT05NQ9/e5d5fa6b-8935-4af2-acb8-cca99642.jpg'),('5bbd07e2','https://i.ibb.co/8KGvvpx/9331c5e8-c403-4e0c-a7a8-d76b10e4.jpg'),('5bbd07e2','https://i.ibb.co/CHW5dGB/1286885c-ac4a-434f-8838-0b052fe0.jpg'),('4050775a','https://i.ibb.co/QfVghV1/adaf3638-0813-44ca-8741-bec803b2.jpg'),('4050775a','https://i.ibb.co/z5DX6hs/88168ad9-6faa-45a4-b42b-ae4afb67.jpg'),('4050775a','https://i.ibb.co/QQn6XZv/b75836bf-ec96-4d60-990d-b3972ce5.jpg'),('4050775a','https://i.ibb.co/x5JBTYW/e8eb7552-11c8-4f0f-905f-53e24b05.jpg'),('5f36932d','https://i.ibb.co/r6kwFHf/img-0112-b8d5515559ef466f8746c6f.jpg'),('5f36932d','https://i.ibb.co/mDK099Z/img-0113-c9de4895a836407b932b499.jpg'),('5f36932d','https://i.ibb.co/zF10zPt/img-0114-0addd8964ab94159bbc0fab.jpg'),('5f36932d','https://i.ibb.co/f1NQwp2/img-0115-b5bb84a430294d10b392061.jpg'),('5f36932d','https://i.ibb.co/8rhg2tm/img-0116-f2a363b40677457a8be0178.jpg'),('63d89063','https://i.ibb.co/ScSFKZx/06e1df4f-ae7f-4bfb-bfa7-1ac0ecc0.jpg'),('63d89063','https://i.ibb.co/Q8v3kmY/67087c77-d69a-4703-ba4a-fdd14a81.jpg'),('63d89063','https://i.ibb.co/YZ2DMhq/369791288-238871199129557-135293.jpg'),('63d89063','https://i.ibb.co/vXhM43D/86fe1b10-72df-4821-b92c-0d1470b6.jpg'),('9772ce0e','https://i.ibb.co/sWgjKqP/a7902af2-0f65-467f-aa3c-d0ed217c.jpg'),('9772ce0e','https://i.ibb.co/H7YdrFW/7a66e7ad-804c-4b6f-ab88-a59c16e1.jpg'),('9772ce0e','https://i.ibb.co/zfprVVt/3dba1375-0e5e-4da6-b727-6ea79cb1.jpg'),('9772ce0e','https://i.ibb.co/2ShZ0WS/4b96ca00-c9d3-4716-97ff-f23fc9e4.jpg'),('aad1190d','https://i.ibb.co/W0JbRJn/4641689518922-pic-hd-36696-b24.jpg'),('aad1190d','https://i.ibb.co/3RzX4jP/4621689518921-pic-hd-66504-64b.jpg'),('aad1190d','https://i.ibb.co/27bc9tX/4591689518920-pic-hd-89147-c2e.jpg'),('aad1190d','https://i.ibb.co/v3fxLd8/4631689518922-pic-hd-03016-868.jpg'),('a9d279cd','https://i.ibb.co/M835Fym/d88319c964f2162937406020a059d2c3.jpg'),('a299f0be','https://i.ibb.co/svsQ8nY/259d8476-7c47-4d3a-b5a7-68d6f733.jpg'),('88469f4b','https://i.ibb.co/2gS8MdW/635961a4-6265-4605-821f-d2a3edc4.jpg'),('88469f4b','https://i.ibb.co/vm7H3KF/f4381ef6-1517-41c2-85fa-9c4cad38.jpg'),('88469f4b','https://i.ibb.co/JRM1Pq1/41ad1af1-c2c7-4b29-b7c4-f28d67ff.jpg'),('9573cb7e','https://i.ibb.co/y45d6rX/688ac8bd-a24c-48f2-9525-9cebaa6a.jpg'),('9573cb7e','https://i.ibb.co/p3vYFyC/00e73708-611e-47d9-b41c-5f1056a9.jpg'),('9573cb7e','https://i.ibb.co/CmFXWCp/2fa1c756-0996-4bc0-a65c-08ec5fb7.jpg'),('9573cb7e','https://i.ibb.co/1RXtqpB/50c1160a-1783-4548-a3cb-4595440d.jpg'),('9b21a6dc','https://i.ibb.co/wdGDPs7/829bcc26-d486-4f83-9fd1-581950c1.jpg'),('9b21a6dc','https://i.ibb.co/L1RK0K5/378966320-636982821870385-464373.jpg'),('9b21a6dc','https://i.ibb.co/hKMH7Vw/378389672-636982868537047-361873.jpg'),('9b21a6dc','https://i.ibb.co/ccbkQP9/378352202-636982695203731-598268.jpg'),('9b21a6dc','https://i.ibb.co/BwZB9fj/378594652-636982675203733-861019.jpg'),('98648bb1','https://i.ibb.co/7rwPTfJ/6ba1cf6f-9ca2-4806-a465-fec921bd.jpg'),('98648bb1','https://i.ibb.co/vXftqL2/12b17496-dfa9-4ccc-9d63-87fe6a68.jpg'),('98648bb1','https://i.ibb.co/NLjPmK6/767a5626-503b-4de6-b0fe-2a1ac193.jpg'),('98648bb1','https://i.ibb.co/wrQybcY/463ada26-04ab-4b13-9444-854936dd.jpg'),('b6ace943','https://i.ibb.co/2Pj668f/5ec6cdf2-bdbb-4ce7-82b8-c7e6cba4.jpg'),('b6ace943','https://i.ibb.co/WKXHNzy/affb5ce3-8fc3-4af3-a643-d5dcf3d4.jpg'),('b6ace943','https://i.ibb.co/MGpQpsv/7f317fe5-6a00-469d-8d7c-0db5e789.jpg'),('d138d523','https://i.ibb.co/Vp98Htt/e990245e-4910-4184-9f03-5f164c8b.jpg'),('d138d523','https://i.ibb.co/kQCLdYf/e4be7c22-0bd7-4c32-a280-30f4dab4.jpg'),('d138d523','https://i.ibb.co/Ssqbz6Z/7639e866-c6c2-4019-9e16-eaa88f90.jpg'),('d138d523','https://i.ibb.co/sshmqhf/1ae03c15-ccf6-4bf3-b42c-a5818838.jpg'),('ceecb7c1','https://i.ibb.co/JvrjFm7/423554947-367460749554842-130744.jpg'),('ceecb7c1','https://i.ibb.co/xLbkph7/423582225-367460739554843-645847.jpg'),('ceecb7c1','https://i.ibb.co/jLgdsw6/423539378-367460759554841-798228.jpg'),('93ae882e','https://i.ibb.co/rf8TzsT/f90eb9b2-8886-4b91-999d-a6060b1d.jpg'),('93ae882e','https://i.ibb.co/b5pxfZz/6b8657a8-b04f-4129-a30f-58272a02.jpg'),('93ae882e','https://i.ibb.co/CMCDLsq/2caa139a-98ff-4992-a406-fb1790bb.jpg'),('5ba53f52','https://i.ibb.co/vzjdmzw/18dd959e-060c-43a1-8efe-58f5b95c.jpg'),('5ba53f52','https://i.ibb.co/f4HW7Sz/59056d3a-4ea2-4519-83cb-e9b56c35.jpg'),('5ba53f52','https://i.ibb.co/sVv8GzG/326b9d17-4206-4b74-8690-924f3bb3.jpg'),('f01dc16a','https://i.ibb.co/smcD6J2/64a0c1e3-905f-4400-b849-b17578fe.jpg'),('f01dc16a','https://i.ibb.co/HCsttjN/4d96a494-3b82-4646-b24c-223029ae.jpg'),('f01dc16a','https://i.ibb.co/729j6Md/64f90051-6dce-4a19-af3d-ba6c7bdf.jpg'),('49f402c9','https://i.ibb.co/0scLkXk/3f8fc5b3-dd00-4267-ab5e-f27f7ed9.jpg'),('49f402c9','https://i.ibb.co/z5xLwZM/8450f301-f22d-49de-9bbc-c8081c5d.jpg'),('49f402c9','https://i.ibb.co/JHDJdxT/e36d3384-7f6d-48f5-be40-a6e38752.jpg'),('91eda9e4','https://i.ibb.co/bNt3PWt/26b54a66-39ac-4eab-ac8d-39560acc.jpg'),('91eda9e4','https://i.ibb.co/pvYmQjx/b66d684a-b31f-4ab2-a743-00da40d9.jpg'),('91eda9e4','https://i.ibb.co/kKtvWLx/d9e34614-7b98-41cc-a271-55aae76e.jpg'),('3ec38549','https://i.ibb.co/R4TqHSL/img-3046-f4d19fa20a1d4041822d261.jpg'),('3ec38549','https://i.ibb.co/1zYKLFp/img-3049-54d25d31e5c34241b01d279.jpg'),('3ec38549','https://i.ibb.co/NrrGyXs/img-3047-c97c922c4efe42d689f2300.jpg'),('3ec38549','https://i.ibb.co/6y7k6Kd/img-3051-78815c3e58f1400786893bd.jpg'),('e4ea9191','https://i.ibb.co/yXtFY63/dbff30a0-73c9-46dd-b4b0-357b84b9.jpg'),('e4ea9191','https://i.ibb.co/TcTrMfM/caf4f53e-2db0-45cb-a198-e86b1af9.jpg'),('e4ea9191','https://i.ibb.co/wrSJn5K/2beee80e-bd0c-4f1b-932c-c8d9c79d.jpg'),('f9578dc3','https://i.ibb.co/j6P2fm5/img-4395-38d68dad9d3f4885bda3a86.jpg'),('f9578dc3','https://i.ibb.co/2Y3Y9RX/fed4f166fad6bad80500f0ae0eacf317.jpg'),('f9578dc3','https://i.ibb.co/vc0qxZn/img-4397-366f73f936c340c6a4c2040.jpg'),('f469de77','https://i.ibb.co/2S2hMYh/e338ce66-e5d7-44e5-8654-55abfbec.jpg'),('f469de77','https://i.ibb.co/qRf98r4/0da2d3a8-2395-4750-a606-b37a719c.jpg'),('f469de77','https://i.ibb.co/TWhnLZK/3b3f3138-d80f-4c44-ac37-5b83e0ad.jpg'),('8cc5daa7','https://i.ibb.co/p0t05kL/10641696677206-pic-hd-17900-46.jpg'),('8cc5daa7','https://i.ibb.co/pwNPNYG/10661696677208-pic-hd-08302.jpg'),('8cc5daa7','https://i.ibb.co/RvqcwCk/10651696677207-pic-35859-89b96.jpg'),('8cc5daa7','https://i.ibb.co/qg8y78L/11111696763913-pic-hd-26630-41.jpg'),('8cc5daa7','https://i.ibb.co/fv65jHt/11091696763907-pic-hd-24116.jpg'),('d20d1994','https://i.ibb.co/McfCZyJ/f6168a3c-382a-42e6-9add-c85e5459.jpg'),('fa6b23ff','https://i.ibb.co/k4ZjJLr/53655f7b-e6e2-46a2-a73c-f0c236df.jpg'),('fa6b23ff','https://i.ibb.co/zXH299C/b77f7d3c-888e-4c1a-9030-ce536734.jpg'),('fa6b23ff','https://i.ibb.co/FHXK36n/f461f989-0344-41fd-a1c7-5041c997.jpg'),('9b512310','https://i.ibb.co/tD0RZdY/2e34a956-a9f0-4c29-b919-bbd979d7.jpg'),('9b512310','https://i.ibb.co/rpFp9YG/a1172baa-8e18-47fe-a102-f10c5ac1.jpg'),('9b512310','https://i.ibb.co/dsNLY6q/5bd419c8-2068-4297-9f28-3733a633.jpg'),('b584db80','https://i.ibb.co/ZxnWyyZ/caa068c4-ae23-4a56-b482-a45e4769.jpg'),('b584db80','https://i.ibb.co/cTkWxMx/8d415b0a-e8a4-425b-b7a0-c080c512.jpg'),('b584db80','https://i.ibb.co/vwwbNhV/f913d34c-a656-484d-bdc7-ee6e476a.jpg'),('444c5119','https://i.ibb.co/qj3Z0J3/581f4879-4906-428c-893d-e6f46741.jpg'),('444c5119','https://i.ibb.co/zFvSf4Q/83e08e96-181e-4032-9df3-fd04ee7f.jpg'),('444c5119','https://i.ibb.co/MSkHstY/6756957d-f5ad-42ac-9e75-ad4e3952.jpg'),('444c5119','https://i.ibb.co/t2yhwqr/7be15806-cf80-4281-84e4-d85efe6d.jpg'),('3d35d8e6','https://i.ibb.co/nCsr135/01378cf4-ff3c-427e-9ebe-34da1742.jpg'),('3d35d8e6','https://i.ibb.co/0ZgVyfw/7fc53db4-e95f-4b1c-867f-cd933def.jpg'),('3d35d8e6','https://i.ibb.co/411M3ZJ/5fe876e2-43d6-48e7-a519-a49d0f9a.jpg'),('3d35d8e6','https://i.ibb.co/VtX84kp/5dda37a9-e192-4c6f-862d-2e45fbd4.jpg'),('7a54f552','https://i.ibb.co/j5z9dky/283e03b7-3887-48b3-85a7-80698fe9.jpg'),('7a54f552','https://i.ibb.co/yVZsF0L/9d5466c2-225d-4187-9f25-cd0ff0f9.jpg'),('7a54f552','https://i.ibb.co/jM68XPX/78df516c-e661-46a4-9224-c95b25ad.jpg'),('7a54f552','https://i.ibb.co/2jbSQKT/1f21d802-280f-49ac-b080-4448dbc4.jpg'),('7a54f552','https://i.ibb.co/CKWKwrH/a93a982a-f484-405f-937f-7dd07715.jpg'),('83b0b46c','https://i.ibb.co/PC95Xjx/z5420-3cf7a3062b6b402187952b2a8c.jpg'),('83b0b46c','https://i.ibb.co/ydFP6zv/z5428-9a61d9c583634066b1f1b55134.jpg'),('83b0b46c','https://i.ibb.co/Z69bkxW/z5429-920c5a5f4edb43f39f14c7bec3.jpg'),('83b0b46c','https://i.ibb.co/J3Sbsbp/z5426-a54e33ef36174b0ebf296ffe8e.jpg'),('ce89df46','https://i.ibb.co/x8D5fWz/ea441b81-34f7-494a-96b3-67a2e1de.jpg'),('ce89df46','https://i.ibb.co/ZmxV1YQ/963f2dfc-ab74-4679-ac9d-d69d3f93.jpg'),('ce89df46','https://i.ibb.co/CtJtpRc/368338755-624177279817606-628890.jpg'),('ce89df46','https://i.ibb.co/pL9mcpX/f4624626-3623-44dc-839f-7a1868c8.jpg'),('03c31db3','https://i.ibb.co/17QMbZd/4135c73f-d619-4211-a757-eaa5cce4.jpg'),('03c31db3','https://i.ibb.co/vhxkGd2/427e1233-b458-4980-8df9-0d018fe2.jpg'),('03c31db3','https://i.ibb.co/sb303ZL/7b45efe3-5209-4868-9b00-22a41eca.jpg'),('03c31db3','https://i.ibb.co/Z1SnzCZ/9412070e-2650-4093-a62f-422a6edd.jpg'),('0a13fa80','https://i.ibb.co/cbHx8N0/247ae45c-bdca-45f1-92c3-9e02a85d.jpg'),('0a13fa80','https://i.ibb.co/qNrMXN7/d4fc3290-ac7f-45b1-8876-d1f340b3.jpg'),('0a13fa80','https://i.ibb.co/42fnwPL/41236df3-0a81-425d-bf03-5e6ab45d.jpg'),('0a13fa80','https://i.ibb.co/Fq71MMV/a4a87b7f-d650-498e-9eef-def9989b.jpg'),('ae35e85c','https://i.ibb.co/wKtxLdZ/a2837e9a-7c0e-4341-a966-809ce229.jpg'),('ae35e85c','https://i.ibb.co/FmSbhrV/b7609446-3382-407e-a860-d7dec8b2.jpg'),('ae35e85c','https://i.ibb.co/qCD2sbD/1b40b1cd-43a5-489e-9e28-9af40cfb.jpg'),('ae35e85c','https://i.ibb.co/wh2vxKY/56b98ee8-abb5-4b6a-b237-ff5225ae.jpg'),('efe0032f','https://i.ibb.co/pv9njpr/a74970ab-bfbc-48eb-869e-3989c562.jpg'),('efe0032f','https://i.ibb.co/StNVn5c/69b6e1f9-b105-45ec-95d7-29f6dc87.jpg'),('efe0032f','https://i.ibb.co/CMY8jz9/7d2d5272-6271-48b3-9fed-40bb75fd.jpg'),('efe0032f','https://i.ibb.co/5cTnLQ9/3b7b0c17-4c36-4ecf-9e56-b0c8afcc.jpg'),('a4fc236e','https://i.ibb.co/1GWJYyg/19898321-ab03-4a1f-9703-7b49ff46.jpg'),('a4fc236e','https://i.ibb.co/8P7CwqB/6a12ea99-ea23-4909-96c7-79f552ba.jpg'),('a4fc236e','https://i.ibb.co/BZSZW2F/2a3919ce-9135-417d-8293-125f0326.jpg'),('a4fc236e','https://i.ibb.co/GW41JdW/6aa396c9-d13f-4917-9635-e74c9e92.jpg'),('feef9c8d','https://i.ibb.co/ynpSf93/b7a0617d-bc40-4832-95df-98c78418.jpg'),('feef9c8d','https://i.ibb.co/L69J70h/1a2746f9-e79d-463f-839c-d969a4d0.jpg'),('feef9c8d','https://i.ibb.co/25vZv6H/77cdc160-1c87-48d8-911c-b095675e.jpg'),('feef9c8d','https://i.ibb.co/bXsVbXS/5975ae6d-58dc-4b4b-ac82-08b917e8.jpg'),('feef9c8d','https://i.ibb.co/hMLptLd/e98512d2-f669-4165-ba46-df53c22d.jpg'),('905991a9','https://i.ibb.co/8zknWTX/8017816f-9d82-437b-aad5-768c77d4.jpg'),('905991a9','https://i.ibb.co/DgDVKkY/02add2ed-d561-4550-8745-71b612b9.jpg'),('905991a9','https://i.ibb.co/FWCFPFW/fa3ede66-fa52-48c4-85a4-1da9d93c.jpg'),('905991a9','https://i.ibb.co/kDR7Pmf/bea92deb-7067-49c8-b0a6-0ff00c04.jpg'),('905991a9','https://i.ibb.co/sszpt4z/d9e8060c-9b4d-4362-885a-a50b1614.jpg'),('881f8bba','https://i.ibb.co/SRPb2ZS/90dc867a-111b-4130-84e8-94e6479d.jpg'),('881f8bba','https://i.ibb.co/dbn35WK/z4944516103900-97c3d31897d3200ca.jpg'),('881f8bba','https://i.ibb.co/bFvrh0S/z4944516129625-25839e5da13043c0a.jpg'),('56742522','https://i.ibb.co/fMdW0xb/2e4efbca-6c38-4f09-a20c-1349dafa.jpg'),('56742522','https://i.ibb.co/Pzc4kZq/e9690f89-c2bc-4365-8577-c0b69896.jpg'),('56742522','https://i.ibb.co/s3zKwM6/a2fe92ef-ad6a-45ee-90c5-4018b09a.jpg'),('56742522','https://i.ibb.co/X7f6b9J/a8eac090-ffad-4c3a-a2f5-55a5e736.jpg'),('cd0a569f','https://i.ibb.co/PMnW8VB/7147539e-188f-4902-a28b-e9204557.jpg'),('cd0a569f','https://i.ibb.co/wSBvwCK/0bf82a8e-adc2-450a-b9ca-692329b4.jpg'),('cd0a569f','https://i.ibb.co/SsV02YT/57cbc22b-54a1-4d2d-beb6-c293fead.jpg'),('cd0a569f','https://i.ibb.co/4sn9GS9/689ea4df-49d4-45b5-8bd3-ab3f248b.jpg'),('0d88624a','https://i.ibb.co/9qxgwXd/fea0cfc6-45b5-469c-8025-f42c1ee1.jpg'),('0d88624a','https://i.ibb.co/ZYQX78P/1f66d86a-07ce-40b6-94a0-5db0185a.jpg'),('0d88624a','https://i.ibb.co/JmP1JZJ/650c8e91-ff46-4c14-8542-22df5497.jpg'),('0d88624a','https://i.ibb.co/ZGcNRB7/428d77f2-c90a-45c6-be07-b21aa7b1.jpg'),('06b7178b','https://i.ibb.co/ZVBPFzz/53b3650f-aaf3-40e0-b067-9a10ea94.jpg'),('06b7178b','https://i.ibb.co/wYT7XbN/4dd9e732-09fc-438e-ae3a-6f031695.jpg'),('06b7178b','https://i.ibb.co/MD0zD83/4f942cfc-1cae-4287-9121-fcd5702c.jpg'),('027ec01b','https://i.ibb.co/F3LWDfT/de00f323-eb74-469f-9fec-3b436a87.jpg'),('027ec01b','https://i.ibb.co/h9hzq2M/4450bbac-cc9b-4389-8549-0adf1ff9.jpg'),('027ec01b','https://i.ibb.co/dDcvbdm/5431b6f1-0390-4276-af37-f8ff126c.jpg'),('027ec01b','https://i.ibb.co/NSy1XsY/54728555-1969-4feb-93c1-adea327d.jpg'),('a3d3514f','https://i.ibb.co/ZVH4SLP/924f4c8b-5c07-4368-a355-6cbc80df.jpg'),('a3d3514f','https://i.ibb.co/S7txT0P/df2b842a-7677-4477-8a2b-e15250b6.jpg'),('a3d3514f','https://i.ibb.co/ypGspcc/b23f5e46-b2e2-4e5e-bd33-bd75eea4.jpg'),('fa012afe','https://i.ibb.co/3vTFjdC/49655731-905f-4fa3-998b-16e7545d.jpg'),('fa012afe','https://i.ibb.co/CzzNMkc/3d4eb049-9652-478e-b0d2-87fbbb58.jpg'),('fa012afe','https://i.ibb.co/Ph6c3Sg/706fd670-9b37-48a8-951e-ea815d09.jpg'),('b9a2c452','https://i.ibb.co/tQj1tLM/9b008bd9-2a82-4018-803f-0c1e6959.jpg'),('b9a2c452','https://i.ibb.co/tsqRc8b/a021bc69-38e0-4843-a253-4b928a7a.jpg'),('b9a2c452','https://i.ibb.co/F5Lbwr6/a2bc95c1-9de2-4042-b77c-f004bc1d.jpg'),('b9a2c452','https://i.ibb.co/0nBL5hD/884291e6-26dd-463d-b5ae-1e9f187b.jpg'),('8e0199c5','https://i.ibb.co/FxSyj2B/308fb42b-3c75-486f-97c4-50d0372e.jpg'),('8e0199c5','https://i.ibb.co/YhyKV8D/e18f1e79-0813-4a3b-97b2-c84cbebb.jpg'),('8e0199c5','https://i.ibb.co/BtjDHGZ/1c0970db-b371-48f7-baf6-a221375b.jpg'),('0f0972fc','https://i.ibb.co/wL7fKvZ/d6e705a8-7495-4e03-8546-5c3f715f.jpg'),('0f0972fc','https://i.ibb.co/dpFFBZn/b7a166f1-3d29-4453-88ad-f167a9ce.jpg'),('0f0972fc','https://i.ibb.co/kysZy8W/125a2b46-2dac-4ca3-a100-e238c994.jpg'),('0642370a','https://i.ibb.co/YRyBn8G/94aeec40-da07-4c72-b872-b7f72933.jpg'),('0642370a','https://i.ibb.co/wpF5WB9/da4b5215-f947-4fae-a79e-f87c951a.jpg'),('0642370a','https://i.ibb.co/RHHRMy1/4cb430a0-8bdf-42e0-863c-79ce4fb3.jpg'),('6eaa9a56','https://i.ibb.co/9r6sxdP/ac3ffa65-c553-4026-9b6e-e5a175e4.jpg'),('6eaa9a56','https://i.ibb.co/M2hHPyw/d48f030c-387d-411b-ae55-cdae9349.jpg'),('6eaa9a56','https://i.ibb.co/D8XGLWw/9be34df4-0274-43da-9c28-64294e26.jpg'),('6eaa9a56','https://i.ibb.co/bNVN1Tj/777879c5-2b11-4fa9-9b38-670e9430.jpg'),('94c34673','https://i.ibb.co/8zwNXWP/2a82b63a-499d-4e24-a849-9dacd671.jpg'),('0f50018c','https://i.ibb.co/60Syxz6/88cf92fa-dd2b-41a9-9dcf-af41604c.jpg'),('8f6d02aa','https://i.ibb.co/P5q44v6/97e713bf-da7d-4d0f-9e7a-369f2b0d.jpg'),('8f6d02aa','https://i.ibb.co/qrfvHGv/1db505c2-86fc-46a8-8eea-91e6441c.jpg'),('8f6d02aa','https://i.ibb.co/TgnkPGG/c728e1c3-4571-47af-a5a7-0a58d2fa.jpg'),('9b254aeb','https://i.ibb.co/CJrYp1V/a614f359-2436-4393-9c18-7e143b88.jpg'),('9b254aeb','https://i.ibb.co/rby8Nv1/602b09e2-c552-48ee-a92a-61aebc24.jpg'),('9b254aeb','https://i.ibb.co/w4Gcg43/3226a590-f426-4755-93a7-ee689a60.jpg'),('9b254aeb','https://i.ibb.co/k3Sss4n/fb2d1398-1e4c-4796-9b89-2337c649.jpg'),('95cea1d1','https://i.ibb.co/DKBP9b6/9536c1fc-abe9-499e-bc8e-094eca7e.jpg'),('95cea1d1','https://i.ibb.co/58BnFdw/d43c00cb-d15a-4fd0-afac-4a849f04.jpg'),('95cea1d1','https://i.ibb.co/pPFrqVV/eb7924d8-ea95-4316-aeb0-506186b4.jpg'),('40e90cf6','https://i.ibb.co/99MmKvj/70b5b319-6db9-4ec8-8835-8ff31433.jpg'),('b081b245','https://i.ibb.co/VLhnMmg/414692238-345207538446830-886112.jpg'),('fbadcfba','https://i.ibb.co/vh9bZr9/eabd9412-b241-4b8c-81f6-f8755002.jpg'),('d76b7177','https://i.ibb.co/4p4p7h2/91d8e7b2-dd09-4d04-a811-529df29d.jpg'),('85b04b51','https://i.ibb.co/MhpCKxm/374636027-122107307276024745-676.jpg'),('fc6289f0','https://i.ibb.co/RpTgtMk/f943957f-c68b-4626-b9f0-531fc612.jpg'),('7406e182','https://i.ibb.co/vP1CQxp/z5340692951860-f919a5768fe8e147d.jpg'),('7406e182','https://i.ibb.co/tCsMmKf/z5340692934959-d4252e6788db419f9.jpg'),('7406e182','https://i.ibb.co/M27HxM5/z5340692951856-4e74c7ce3ec0b93e4.jpg'),('7406e182','https://i.ibb.co/g6LHggk/z5340692931066-7d9b20676c57ed28e.jpg'),('9a2b9946','https://i.ibb.co/Z8MSM3v/2a765785-051b-4cb4-b7b4-4997c2de.jpg'),('9a2b9946','https://i.ibb.co/N6Yj0Pq/a35aab7b-8616-4706-997f-c03e2485.jpg'),('9a2b9946','https://i.ibb.co/sVVb9Dy/0bcbe414-182a-4383-82ce-b6004875.jpg'),('024fc760','https://i.ibb.co/PrCJN8k/0d5195b9-aa42-4521-83c2-a7dc202a.jpg'),('024fc760','https://i.ibb.co/JxNtfyn/5b8ea08b-e5cc-47fa-85a8-e9a7e680.jpg'),('024fc760','https://i.ibb.co/Fq2C2TS/0acf7983-cea9-445d-b747-5e33bded.jpg'),('1e954041','https://i.ibb.co/wQ0YyHX/0fe65c59-7f5a-4001-9a10-fab6df79.jpg'),('1e954041','https://i.ibb.co/Pz1RY2Z/e4c895ae-63a7-4784-b695-4beb2c8a.jpg'),('1e954041','https://i.ibb.co/4MWS8CQ/8f80df6e-3ff7-4c85-b0ec-8fc04b16.jpg'),('1e954041','https://i.ibb.co/CWkVh3b/fff90c3c-0a7f-4684-ab56-7649187b.jpg'),('dc1647bf','https://i.ibb.co/Njv1j3L/img-8178-2ee55c34b3ef4b57adfa563.jpg'),('dc1647bf','https://i.ibb.co/B6BYVfV/img-8179-10cccd4ec75b4208a207a4c.jpg'),('dc1647bf','https://i.ibb.co/30j8kXd/img-8180-b0220b84281c46e28b6d113.jpg'),('dc1647bf','https://i.ibb.co/Bym2tHq/img-8181-54c47d1076ab4c0a8d3c9f0.jpg'),('0f996138','https://i.ibb.co/X5j0f4B/img-4972-e790528fa073427e83f3068.jpg'),('0f996138','https://i.ibb.co/LP8Mkfh/img-4975-59bee4ff47e84280ae57602.jpg'),('0f996138','https://i.ibb.co/3CcGRkm/img-4974-f4514624760942dd92ce9c6.jpg'),('646e8381','https://i.ibb.co/PGpcK2R/2b4598ab-7e9c-421e-9f4f-853692f9.jpg'),('646e8381','https://i.ibb.co/DzfM3B9/2d496086-85e6-4c73-b67e-2dba4edc.jpg'),('646e8381','https://i.ibb.co/r3yFykR/cbaef733-794f-46e4-8899-f6d908a0.jpg'),('646e8381','https://i.ibb.co/HBz9pPZ/5391f24d-f6b8-4066-8fa6-297bbd39.jpg');
/*!40000 ALTER TABLE `image_urls` ENABLE KEYS */;
UNLOCK TABLES;

--
-- Table structure for table `manufacturer`
--

DROP TABLE IF EXISTS `manufacturer`;
/*!40101 SET @saved_cs_client     = @@character_set_client */;
/*!50503 SET character_set_client = utf8mb4 */;
CREATE TABLE `manufacturer` (
  `id` varchar(255) NOT NULL,
  `name` varchar(255) DEFAULT NULL,
  PRIMARY KEY (`id`)
) ENGINE=InnoDB DEFAULT CHARSET=utf8mb4 COLLATE=utf8mb4_0900_ai_ci;
/*!40101 SET character_set_client = @saved_cs_client */;

--
-- Dumping data for table `manufacturer`
--

LOCK TABLES `manufacturer` WRITE;
/*!40000 ALTER TABLE `manufacturer` DISABLE KEYS */;
INSERT INTO `manufacturer` VALUES ('3522db7d','miHoYo'),('375f7bcf','Thunderbot Studio'),('57ffea1b','Imagination Studio'),('64c7ff90','Big Cute Studio'),('695b340b','Hakimi Studio'),('77e146ce','ABsinthe Studio'),('b581366f','Miyin Studio'),('c0f8ce72','Arctic Wolf Studio'),('da941411','Bubble Dream Studio'),('dc639d34','CR Studio');
/*!40000 ALTER TABLE `manufacturer` ENABLE KEYS */;
UNLOCK TABLES;

--
-- Table structure for table `order_items`
--

DROP TABLE IF EXISTS `order_items`;
/*!40101 SET @saved_cs_client     = @@character_set_client */;
/*!50503 SET character_set_client = utf8mb4 */;
CREATE TABLE `order_items` (
  `id` varchar(255) NOT NULL,
  `price` int NOT NULL,
  `quantity` int NOT NULL,
  `figure_id` varchar(255) DEFAULT NULL,
  `order_id` varchar(255) DEFAULT NULL,
  PRIMARY KEY (`id`),
  KEY `FK2hgvwmqt36h2jiaxd88b6932m` (`figure_id`),
  KEY `FKbioxgbv59vetrxe0ejfubep1w` (`order_id`),
  CONSTRAINT `FK2hgvwmqt36h2jiaxd88b6932m` FOREIGN KEY (`figure_id`) REFERENCES `figure` (`id`),
  CONSTRAINT `FKbioxgbv59vetrxe0ejfubep1w` FOREIGN KEY (`order_id`) REFERENCES `orders` (`id`)
) ENGINE=InnoDB DEFAULT CHARSET=utf8mb4 COLLATE=utf8mb4_0900_ai_ci;
/*!40101 SET character_set_client = @saved_cs_client */;

--
-- Dumping data for table `order_items`
--

LOCK TABLES `order_items` WRITE;
/*!40000 ALTER TABLE `order_items` DISABLE KEYS */;
/*!40000 ALTER TABLE `order_items` ENABLE KEYS */;
UNLOCK TABLES;

--
-- Table structure for table `orders`
--

DROP TABLE IF EXISTS `orders`;
/*!40101 SET @saved_cs_client     = @@character_set_client */;
/*!50503 SET character_set_client = utf8mb4 */;
CREATE TABLE `orders` (
  `id` varchar(255) NOT NULL,
  `address` varchar(255) DEFAULT NULL,
  `order_date` date DEFAULT NULL,
  `phone_number` varchar(255) DEFAULT NULL,
  `total` int NOT NULL,
  `user_id` int DEFAULT NULL,
  PRIMARY KEY (`id`),
  KEY `FKel9kyl84ego2otj2accfd8mr7` (`user_id`),
  CONSTRAINT `FKel9kyl84ego2otj2accfd8mr7` FOREIGN KEY (`user_id`) REFERENCES `user` (`id`)
) ENGINE=InnoDB DEFAULT CHARSET=utf8mb4 COLLATE=utf8mb4_0900_ai_ci;
/*!40101 SET character_set_client = @saved_cs_client */;

--
-- Dumping data for table `orders`
--

LOCK TABLES `orders` WRITE;
/*!40000 ALTER TABLE `orders` DISABLE KEYS */;
/*!40000 ALTER TABLE `orders` ENABLE KEYS */;
UNLOCK TABLES;

--
-- Table structure for table `series`
--

DROP TABLE IF EXISTS `series`;
/*!40101 SET @saved_cs_client     = @@character_set_client */;
/*!50503 SET character_set_client = utf8mb4 */;
CREATE TABLE `series` (
  `id` varchar(255) NOT NULL,
  `name` varchar(255) DEFAULT NULL,
  PRIMARY KEY (`id`)
) ENGINE=InnoDB DEFAULT CHARSET=utf8mb4 COLLATE=utf8mb4_0900_ai_ci;
/*!40101 SET character_set_client = @saved_cs_client */;

--
-- Dumping data for table `series`
--

LOCK TABLES `series` WRITE;
/*!40000 ALTER TABLE `series` DISABLE KEYS */;
INSERT INTO `series` VALUES ('27e8a22d','Honkai Star Rail'),('7ff0506c','Genshin Impact');
/*!40000 ALTER TABLE `series` ENABLE KEYS */;
UNLOCK TABLES;

--
-- Table structure for table `token`
--

DROP TABLE IF EXISTS `token`;
/*!40101 SET @saved_cs_client     = @@character_set_client */;
/*!50503 SET character_set_client = utf8mb4 */;
CREATE TABLE `token` (
  `id` int NOT NULL AUTO_INCREMENT,
  `expired` bit(1) NOT NULL,
  `revoked` bit(1) NOT NULL,
  `token` varchar(255) DEFAULT NULL,
  `token_type` enum('BEARER') DEFAULT NULL,
  `user_id` int DEFAULT NULL,
  PRIMARY KEY (`id`),
  KEY `FKe32ek7ixanakfqsdaokm4q9y2` (`user_id`),
  CONSTRAINT `FKe32ek7ixanakfqsdaokm4q9y2` FOREIGN KEY (`user_id`) REFERENCES `user` (`id`)
) ENGINE=InnoDB AUTO_INCREMENT=744 DEFAULT CHARSET=utf8mb4 COLLATE=utf8mb4_0900_ai_ci;
/*!40101 SET character_set_client = @saved_cs_client */;

--
-- Dumping data for table `token`
--

LOCK TABLES `token` WRITE;
/*!40000 ALTER TABLE `token` DISABLE KEYS */;
INSERT INTO `token` VALUES (2,_binary '',_binary '','eyJhbGciOiJIUzI1NiJ9.eyJzdWIiOiJhZG1pbkBnbWFpbC5jb20iLCJpYXQiOjE3MTU3NDU2MDgsImV4cCI6MTcxNTc0NTkwOH0.y3g5QzNOW0dZaV0bpU_dCa4MkVTB-axaNJ78nKJUciw','BEARER',2),(3,_binary '',_binary '','eyJhbGciOiJIUzI1NiJ9.eyJzdWIiOiJhZG1pbkBnbWFpbC5jb20iLCJpYXQiOjE3MTU3NDU2MzQsImV4cCI6MTcxNTc0NTkzNH0.LgZ_vyZd5qmeLE_Ckkdqi8yiRxrIpY0nqPG87SVshGI','BEARER',2),(4,_binary '',_binary '','eyJhbGciOiJIUzI1NiJ9.eyJzdWIiOiJhZG1pbkBnbWFpbC5jb20iLCJpYXQiOjE3MTU3NDU2MzUsImV4cCI6MTcxNTc0NTkzNX0.fcxyKnECm2Eut-41F09VVYpxrZslOjWIHezoSa7pZ4o','BEARER',2),(5,_binary '',_binary '','eyJhbGciOiJIUzI1NiJ9.eyJzdWIiOiJhZG1pbkBnbWFpbC5jb20iLCJpYXQiOjE3MTU3NDU4MTYsImV4cCI6MTcxNTc0NjExNn0.ATgETNMGEVk18qn4fw2cao7o9CHLl3-n0wn_VV5K1v0','BEARER',2),(6,_binary '',_binary '','eyJhbGciOiJIUzI1NiJ9.eyJzdWIiOiJhZG1pbkBnbWFpbC5jb20iLCJpYXQiOjE3MTU3NDU5MDgsImV4cCI6MTcxNTc0NjIwOH0.i94h-Lj2KcQ2KTKK_04QA08_H5pnzvSgjihLXnP2n3w','BEARER',2),(7,_binary '',_binary '','eyJhbGciOiJIUzI1NiJ9.eyJzdWIiOiJhZG1pbkBnbWFpbC5jb20iLCJpYXQiOjE3MTU3NDYwMDAsImV4cCI6MTcxNTc0NjMwMH0.2ZW3ftEqtAdPjlDIglbC017PU5VDF0sX5a7-NUehetA','BEARER',2),(8,_binary '',_binary '','eyJhbGciOiJIUzI1NiJ9.eyJzdWIiOiJhZG1pbkBnbWFpbC5jb20iLCJpYXQiOjE3MTU3NDYwMDEsImV4cCI6MTcxNTc0NjMwMX0.bvb21vci6swzDnJPnTeyipJJkeb51-0yyP9Xk__o4-o','BEARER',2),(9,_binary '',_binary '','eyJhbGciOiJIUzI1NiJ9.eyJzdWIiOiJhZG1pbkBnbWFpbC5jb20iLCJpYXQiOjE3MTU3NDYxMDYsImV4cCI6MTcxNTc0NjQwNn0.q172NDbsJDA2y1mjvV0I-7wUg8k9nt67KMINFxesoag','BEARER',2),(10,_binary '',_binary '','eyJhbGciOiJIUzI1NiJ9.eyJzdWIiOiJhZG1pbkBnbWFpbC5jb20iLCJpYXQiOjE3MTU3NDYxNjEsImV4cCI6MTcxNTc0NjQ2MX0.rRs37JvRqNwqq57zkDlHPGrwVInEdRD4irzdDdsiEL0','BEARER',2),(11,_binary '',_binary '','eyJhbGciOiJIUzI1NiJ9.eyJzdWIiOiJhZG1pbkBnbWFpbC5jb20iLCJpYXQiOjE3MTU3NDYxOTUsImV4cCI6MTcxNTc0NjQ5NX0.R2apzfVAumsAJdV6fwjkyeulctbXAJeDtw7idjbNVHE','BEARER',2),(12,_binary '',_binary '','eyJhbGciOiJIUzI1NiJ9.eyJzdWIiOiJhZG1pbkBnbWFpbC5jb20iLCJpYXQiOjE3MTU3NDYzNDEsImV4cCI6MTcxNTc0NjY0MX0.vLkK6bL8cd0cXTF8kYdGXfKitriPY-_HuaZ32KI-Xvk','BEARER',2),(13,_binary '',_binary '','eyJhbGciOiJIUzI1NiJ9.eyJzdWIiOiJhZG1pbkBnbWFpbC5jb20iLCJpYXQiOjE3MTU3NDYzNzUsImV4cCI6MTcxNTc0NjY3NX0.y-64VsgkE2neeTDLrh8E1DFpw4keCGH722VrxCrz4Zw','BEARER',2),(14,_binary '',_binary '','eyJhbGciOiJIUzI1NiJ9.eyJzdWIiOiJhZG1pbkBnbWFpbC5jb20iLCJpYXQiOjE3MTU3NDY0MzYsImV4cCI6MTcxNTc0NjczNn0.LvyRicIzLzRPHrNBUMBsc1l7fqsIxq3tIYmobnsWwFo','BEARER',2),(15,_binary '',_binary '','eyJhbGciOiJIUzI1NiJ9.eyJzdWIiOiJhZG1pbkBnbWFpbC5jb20iLCJpYXQiOjE3MTU3NDY1MjIsImV4cCI6MTcxNTc0NjgyMn0.nGwWRpEhDGlBt0BNR6wuqAXimgpCHwRTSr7U91KTnI8','BEARER',2),(16,_binary '',_binary '','eyJhbGciOiJIUzI1NiJ9.eyJzdWIiOiJhZG1pbkBnbWFpbC5jb20iLCJpYXQiOjE3MTU3NDY2MTYsImV4cCI6MTcxNTc0NjkxNn0.8ziaRflGr6nfCxfBBQDTjT9BNf5ujQXanTV7GPyubDo','BEARER',2),(17,_binary '',_binary '','eyJhbGciOiJIUzI1NiJ9.eyJzdWIiOiJhZG1pbkBnbWFpbC5jb20iLCJpYXQiOjE3MTU3NDY3MDIsImV4cCI6MTcxNTc0NzAwMn0.m8K9dEd5CUoLeWnSdwCn2d4I34mlRaz5eFch9DI66yg','BEARER',2),(18,_binary '',_binary '','eyJhbGciOiJIUzI1NiJ9.eyJzdWIiOiJhZG1pbkBnbWFpbC5jb20iLCJpYXQiOjE3MTU3NDY3ODQsImV4cCI6MTcxNTc0NzA4NH0._9dp7Vn0d_cgmLGn1pOcXC0Q6j7xK_F6Gr-rIRFA8ds','BEARER',2),(19,_binary '',_binary '','eyJhbGciOiJIUzI1NiJ9.eyJzdWIiOiJhZG1pbkBnbWFpbC5jb20iLCJpYXQiOjE3MTU3NDY5MTQsImV4cCI6MTcxNTc0NzIxNH0.SlvSyJeYITBKj5WoCcQTmtDM9GyO00eN4IFOWvkAUgc','BEARER',2),(20,_binary '',_binary '','eyJhbGciOiJIUzI1NiJ9.eyJzdWIiOiJhZG1pbkBnbWFpbC5jb20iLCJpYXQiOjE3MTU3NDc4MTgsImV4cCI6MTcxNTc0ODExOH0.lZhNI0GhyOvhnSLy7rtQ04NP_8mYnwv22vOiF8Hb0Ok','BEARER',2),(21,_binary '',_binary '','eyJhbGciOiJIUzI1NiJ9.eyJzdWIiOiJhZG1pbkBnbWFpbC5jb20iLCJpYXQiOjE3MTU3NDc4MjAsImV4cCI6MTcxNTc0ODEyMH0.I2KIR8_b1l6xY9EnlI_MBw70EG2L1JP6p378xclSLHE','BEARER',2),(22,_binary '',_binary '','eyJhbGciOiJIUzI1NiJ9.eyJzdWIiOiJhZG1pbkBnbWFpbC5jb20iLCJpYXQiOjE3MTU3NDgwMDAsImV4cCI6MTcxNTc0ODMwMH0.DDKWx2wePRpRY30w_NiEppUklK2m5mMKNHhhB5ElftU','BEARER',2),(23,_binary '',_binary '','eyJhbGciOiJIUzI1NiJ9.eyJzdWIiOiJhZG1pbkBnbWFpbC5jb20iLCJpYXQiOjE3MTU3NDgxODEsImV4cCI6MTcxNTc0ODQ4MX0.ax225-DTIkTGtbVMAm4nyt75w6xUASXKjqUgwqY73Rk','BEARER',2),(24,_binary '',_binary '','eyJhbGciOiJIUzI1NiJ9.eyJzdWIiOiJhZG1pbkBnbWFpbC5jb20iLCJpYXQiOjE3MTU3NDgyNDIsImV4cCI6MTcxNTc0ODU0Mn0.nvswzxe8U9DkUUjoYoPvMkfxjoq1FedJelv9LsAYciw','BEARER',2),(25,_binary '',_binary '','eyJhbGciOiJIUzI1NiJ9.eyJzdWIiOiJhZG1pbkBnbWFpbC5jb20iLCJpYXQiOjE3MTU3NDgzMDEsImV4cCI6MTcxNTc0ODYwMX0.5cCAXDHytqbtqG05ZFEJJ07tqHTHjlTAJT3ub47WtiE','BEARER',2),(26,_binary '',_binary '','eyJhbGciOiJIUzI1NiJ9.eyJzdWIiOiJhZG1pbkBnbWFpbC5jb20iLCJpYXQiOjE3MTU3NDgzNjIsImV4cCI6MTcxNTc0ODY2Mn0.J2laPGZb7Q30ug8Go64lDt-9NwRbjxhGIH-BIN0b-qk','BEARER',2),(27,_binary '',_binary '','eyJhbGciOiJIUzI1NiJ9.eyJzdWIiOiJhZG1pbkBnbWFpbC5jb20iLCJpYXQiOjE3MTU3NDg0ODIsImV4cCI6MTcxNTc0ODc4Mn0.IOUnT9MHf0Vn5x9gBbYsXIQUG-166R4XZiNjsxERD5A','BEARER',2),(28,_binary '',_binary '','eyJhbGciOiJIUzI1NiJ9.eyJzdWIiOiJhZG1pbkBnbWFpbC5jb20iLCJpYXQiOjE3MTU3NDg1NDIsImV4cCI6MTcxNTc0ODg0Mn0.pDaMrcoM0RpULMVDYLX-O75sSSNX4bvvkXGEhFmvC3A','BEARER',2),(29,_binary '',_binary '','eyJhbGciOiJIUzI1NiJ9.eyJzdWIiOiJhZG1pbkBnbWFpbC5jb20iLCJpYXQiOjE3MTU3NDg2NjIsImV4cCI6MTcxNTc0ODk2Mn0.16R79gtDRkxIIxFbhDps2qK7eSWNosmQhw1g-5BF46s','BEARER',2),(30,_binary '',_binary '','eyJhbGciOiJIUzI1NiJ9.eyJzdWIiOiJhZG1pbkBnbWFpbC5jb20iLCJpYXQiOjE3MTU3NDg3MjMsImV4cCI6MTcxNTc0OTAyM30.2M1RO60IdQtu-kn-4yQSFa2yEt_gPWcs1o3EoJ0kkII','BEARER',2),(31,_binary '',_binary '','eyJhbGciOiJIUzI1NiJ9.eyJzdWIiOiJhZG1pbkBnbWFpbC5jb20iLCJpYXQiOjE3MTU3NDg4MzIsImV4cCI6MTcxNTc0OTEzMn0.CfcoYA3ln86Jd71XCSM2pEZ4V0U46JuEMdipve7OBrQ','BEARER',2),(32,_binary '',_binary '','eyJhbGciOiJIUzI1NiJ9.eyJzdWIiOiJhZG1pbkBnbWFpbC5jb20iLCJpYXQiOjE3MTU3NDg5MDQsImV4cCI6MTcxNTc0OTIwNH0.04pdU8F_8BNdNpwClAnOPoGgID6hhVFwMLp9iMI1GJo','BEARER',2),(33,_binary '',_binary '','eyJhbGciOiJIUzI1NiJ9.eyJzdWIiOiJhZG1pbkBnbWFpbC5jb20iLCJpYXQiOjE3MTU3NDg5NzAsImV4cCI6MTcxNTc0OTI3MH0.kJpUKbIm50Nqsj0M2b3YNE8qLp6ioe9jgY1WqQwVtEU','BEARER',2),(34,_binary '',_binary '','eyJhbGciOiJIUzI1NiJ9.eyJzdWIiOiJhZG1pbkBnbWFpbC5jb20iLCJpYXQiOjE3MTU3NDkwODQsImV4cCI6MTcxNTc0OTM4NH0.a2kpLQ0g5btDg6aYURiBIu8LTqD5y2uznFiNsWG5FFc','BEARER',2),(35,_binary '',_binary '','eyJhbGciOiJIUzI1NiJ9.eyJzdWIiOiJhZG1pbkBnbWFpbC5jb20iLCJpYXQiOjE3MTU3NDkxNTAsImV4cCI6MTcxNTc0OTQ1MH0.i6oA-ZvIX1kitDrlsNGTjiIQvTKBnaYaiGi_ErNHPcI','BEARER',2),(36,_binary '',_binary '','eyJhbGciOiJIUzI1NiJ9.eyJzdWIiOiJhZG1pbkBnbWFpbC5jb20iLCJpYXQiOjE3MTU3NDkyNjUsImV4cCI6MTcxNTc0OTU2NX0.ogZhoTWwyVgISaKoUWyK3pLigeQ6LtzeteV8NVt5zmg','BEARER',2),(37,_binary '',_binary '','eyJhbGciOiJIUzI1NiJ9.eyJzdWIiOiJhZG1pbkBnbWFpbC5jb20iLCJpYXQiOjE3MTU3NDkyNzgsImV4cCI6MTcxNTc0OTU3OH0.1W_eYtHR0Dlb2Ea0fToeFnDv03zd_Dv928PoCrJO7bI','BEARER',2),(38,_binary '',_binary '','eyJhbGciOiJIUzI1NiJ9.eyJzdWIiOiJhZG1pbkBnbWFpbC5jb20iLCJpYXQiOjE3MTU3NDk0MjYsImV4cCI6MTcxNTc0OTcyNn0.P6BR_FK0sW2mbRa65NgCtRqjpuwsMFW3TdTI7pW7rXE','BEARER',2),(39,_binary '',_binary '','eyJhbGciOiJIUzI1NiJ9.eyJzdWIiOiJhZG1pbkBnbWFpbC5jb20iLCJpYXQiOjE3MTU3NDk0NDUsImV4cCI6MTcxNTc0OTc0NX0.-DYeG2U5uEAV2K-h4l9lVIfTM82rzS5udCay5mPAhOk','BEARER',2),(40,_binary '',_binary '','eyJhbGciOiJIUzI1NiJ9.eyJzdWIiOiJhZG1pbkBnbWFpbC5jb20iLCJpYXQiOjE3MTU3NDk2MDYsImV4cCI6MTcxNTc0OTkwNn0.LGLD9KD3ynvtYKL6LnjRC_MU-tu8MdOEcu4DHud7Cmg','BEARER',2),(41,_binary '',_binary '','eyJhbGciOiJIUzI1NiJ9.eyJzdWIiOiJhZG1pbkBnbWFpbC5jb20iLCJpYXQiOjE3MTU3NDk2MjYsImV4cCI6MTcxNTc0OTkyNn0.wgtUcGL70wCg40EQEhq0kC-qnTepuhsF5juMqGc1Dog','BEARER',2),(42,_binary '',_binary '','eyJhbGciOiJIUzI1NiJ9.eyJzdWIiOiJhZG1pbkBnbWFpbC5jb20iLCJpYXQiOjE3MTU3NDk3ODcsImV4cCI6MTcxNTc1MDA4N30.wx3uzCwlGqdW_33khNJXtTG6hNgdLaBhaHhLJIO7Ox8','BEARER',2),(43,_binary '',_binary '','eyJhbGciOiJIUzI1NiJ9.eyJzdWIiOiJhZG1pbkBnbWFpbC5jb20iLCJpYXQiOjE3MTU3NDk4MDYsImV4cCI6MTcxNTc1MDEwNn0.O_s0vPKVaknNFDbfbMieH-4Gt-yPmGGwS9jVGDOSfgc','BEARER',2),(44,_binary '',_binary '','eyJhbGciOiJIUzI1NiJ9.eyJzdWIiOiJhZG1pbkBnbWFpbC5jb20iLCJpYXQiOjE3MTU3NDk4ODgsImV4cCI6MTcxNTc1MDE4OH0.kwe0MBi-h9Jea0okdcI_x2BXCXRFhhWlU_Fa2X4KkAk','BEARER',2),(45,_binary '',_binary '','eyJhbGciOiJIUzI1NiJ9.eyJzdWIiOiJhZG1pbkBnbWFpbC5jb20iLCJpYXQiOjE3MTU3NDk5ODYsImV4cCI6MTcxNTc1MDI4Nn0.M0bsaN-rKOZeY6ozDqW49w1E8bZjP2D9lvxpG-rbXwA','BEARER',2),(46,_binary '',_binary '','eyJhbGciOiJIUzI1NiJ9.eyJzdWIiOiJhZG1pbkBnbWFpbC5jb20iLCJpYXQiOjE3MTU3NTAwNTcsImV4cCI6MTcxNTc1MDM1N30.2wionk7DiPRExMx1LGStz-FlWczSLvgZFoxWwHJTZhE','BEARER',2),(47,_binary '',_binary '','eyJhbGciOiJIUzI1NiJ9.eyJzdWIiOiJhZG1pbkBnbWFpbC5jb20iLCJpYXQiOjE3MTU3NTAxNjcsImV4cCI6MTcxNTc1MDQ2N30.tu0GSAn1UrxtVmBA-EDAKlOMZRVpLKQ6zFR-8mRkV-M','BEARER',2),(48,_binary '',_binary '','eyJhbGciOiJIUzI1NiJ9.eyJzdWIiOiJhZG1pbkBnbWFpbC5jb20iLCJpYXQiOjE3MTU3NTAxODAsImV4cCI6MTcxNTc1MDQ4MH0.bqJ_aavPGjOpIfy-fv-QHR0nV3VN6SmpZi4omF-B6dQ','BEARER',2),(49,_binary '',_binary '','eyJhbGciOiJIUzI1NiJ9.eyJzdWIiOiJhZG1pbkBnbWFpbC5jb20iLCJpYXQiOjE3MTU3NTAyOTcsImV4cCI6MTcxNTc1MDU5N30.cCaiFtXlfyXIkcixc_RnbtD7XMOs9FifaotIbi44mWA','BEARER',2),(50,_binary '',_binary '','eyJhbGciOiJIUzI1NiJ9.eyJzdWIiOiJhZG1pbkBnbWFpbC5jb20iLCJpYXQiOjE3MTU3NTAzNDcsImV4cCI6MTcxNTc1MDY0N30._4mDMS-24a2bO-fQLwdTSbUb3YEuLSpLynF5PDCYhp4','BEARER',2),(51,_binary '',_binary '','eyJhbGciOiJIUzI1NiJ9.eyJzdWIiOiJhZG1pbkBnbWFpbC5jb20iLCJpYXQiOjE3MTU3NTA0NjcsImV4cCI6MTcxNTc1MDc2N30.zSD9xtbJJXPjThDlnaMktCmMJm33kD7Jr678domoiGI','BEARER',2),(52,_binary '',_binary '','eyJhbGciOiJIUzI1NiJ9.eyJzdWIiOiJhZG1pbkBnbWFpbC5jb20iLCJpYXQiOjE3MTU3NTA1MjgsImV4cCI6MTcxNTc1MDgyOH0.Rf73tRDwkZP6q9rUJTUPkXTHViP1tXZ8GOe61P_25V8','BEARER',2),(53,_binary '',_binary '','eyJhbGciOiJIUzI1NiJ9.eyJzdWIiOiJhZG1pbkBnbWFpbC5jb20iLCJpYXQiOjE3MTU3NTA2NDcsImV4cCI6MTcxNTc1MDk0N30.ml2Db5YvuYECy4ihvBaHXiBIDZl_UHGRT4W5XvUH1kI','BEARER',2),(54,_binary '',_binary '','eyJhbGciOiJIUzI1NiJ9.eyJzdWIiOiJhZG1pbkBnbWFpbC5jb20iLCJpYXQiOjE3MTU3NTk5NzYsImV4cCI6MTcxNTc2MDI3Nn0.NoMq6e7T44t5Fwxczl0OyBmofTNIm2Iil2HeVNFDVE8','BEARER',2),(55,_binary '',_binary '','eyJhbGciOiJIUzI1NiJ9.eyJzdWIiOiJhZG1pbkBnbWFpbC5jb20iLCJpYXQiOjE3MTU3NjAwNzMsImV4cCI6MTcxNTc2MDM3M30.1gI1RdlrbtaTHo4afk840fqRZDazw2CFadYKVt_fpiw','BEARER',2),(56,_binary '',_binary '','eyJhbGciOiJIUzI1NiJ9.eyJzdWIiOiJhZG1pbkBnbWFpbC5jb20iLCJpYXQiOjE3MTU3NjAwNzgsImV4cCI6MTcxNTc2MDM3OH0.HcTziuMh_IgKafxfk5xKd3OCF-ctj_9GHqChXAGBQTI','BEARER',2),(57,_binary '',_binary '','eyJhbGciOiJIUzI1NiJ9.eyJzdWIiOiJhZG1pbkBnbWFpbC5jb20iLCJpYXQiOjE3MTU3NjAxMDgsImV4cCI6MTcxNTc2MDQwOH0.dQvV7vErKvsOkbV6mkTfJei8E6zbK94QiSQkwvxgl2M','BEARER',2),(58,_binary '',_binary '','eyJhbGciOiJIUzI1NiJ9.eyJzdWIiOiJhZG1pbkBnbWFpbC5jb20iLCJpYXQiOjE3MTU3NjAxMTEsImV4cCI6MTcxNTc2MDQxMX0.YPlfhXviI3BSNhCELKZvyufhgM6f-SO2fPOSs8UFlEk','BEARER',2),(59,_binary '',_binary '','eyJhbGciOiJIUzI1NiJ9.eyJzdWIiOiJhZG1pbkBnbWFpbC5jb20iLCJpYXQiOjE3MTU3NjAyMTUsImV4cCI6MTcxNTc2MDUxNX0.MNQEgvJZUutf32eIwwW8xyggEq7Z0otqMPLAQdJQF4g','BEARER',2),(60,_binary '',_binary '','eyJhbGciOiJIUzI1NiJ9.eyJzdWIiOiJhZG1pbkBnbWFpbC5jb20iLCJpYXQiOjE3MTU3NjAzOTUsImV4cCI6MTcxNTc2MDY5NX0.VDFzW2JsLP-LfRYtHqeJ8ZrsyMjR3dVRX9cC27yE0LE','BEARER',2),(61,_binary '',_binary '','eyJhbGciOiJIUzI1NiJ9.eyJzdWIiOiJhZG1pbkBnbWFpbC5jb20iLCJpYXQiOjE3MTU3NjA1MDIsImV4cCI6MTcxNTc2MDgwMn0.riEkY73RvL1D9MjSkROfjOXsYSBAqQzakCOi3A_ojOg','BEARER',2),(62,_binary '',_binary '','eyJhbGciOiJIUzI1NiJ9.eyJzdWIiOiJhZG1pbkBnbWFpbC5jb20iLCJpYXQiOjE3MTU3NjA1NzYsImV4cCI6MTcxNTc2MDg3Nn0.xkDybhZ2TL6fBQlCSt-lkJfHftEVtmO0Z5wLBB0QEDI','BEARER',2),(63,_binary '',_binary '','eyJhbGciOiJIUzI1NiJ9.eyJzdWIiOiJhZG1pbkBnbWFpbC5jb20iLCJpYXQiOjE3MTU3NjA2NDYsImV4cCI6MTcxNTc2MDk0Nn0.L_vBkB90I-BBS_bE4bPxcm8dX61fuuCWwUhsOWAKneo','BEARER',2),(64,_binary '',_binary '','eyJhbGciOiJIUzI1NiJ9.eyJzdWIiOiJhZG1pbkBnbWFpbC5jb20iLCJpYXQiOjE3MTU3NjA3NTcsImV4cCI6MTcxNTc2MTA1N30.8jCVqEyEhzg67oLH1cvn_eLUtgM1RNKif4ubZjAvOJ8','BEARER',2),(65,_binary '',_binary '','eyJhbGciOiJIUzI1NiJ9.eyJzdWIiOiJhZG1pbkBnbWFpbC5jb20iLCJpYXQiOjE3MTU3NjA4MjYsImV4cCI6MTcxNTc2MTEyNn0.IPt1AM9593wlqV9IKXmkrWQMipZD70QaUNQUdceNCZQ','BEARER',2),(66,_binary '',_binary '','eyJhbGciOiJIUzI1NiJ9.eyJzdWIiOiJhZG1pbkBnbWFpbC5jb20iLCJpYXQiOjE3MTU3NjA5MzcsImV4cCI6MTcxNTc2MTIzN30.iMD9ca6-HBpNauMOcPFRR34Ec5lhuYKQqHDV9KfTUp0','BEARER',2),(67,_binary '',_binary '','eyJhbGciOiJIUzI1NiJ9.eyJzdWIiOiJhZG1pbkBnbWFpbC5jb20iLCJpYXQiOjE3MTU3NjEwMDcsImV4cCI6MTcxNTc2MTMwN30.X49tXci2lSGLFzU2Vz_80J9hXu6sbczIGdqVLlfMzQU','BEARER',2),(68,_binary '',_binary '','eyJhbGciOiJIUzI1NiJ9.eyJzdWIiOiJhZG1pbkBnbWFpbC5jb20iLCJpYXQiOjE3MTU3NjExMTcsImV4cCI6MTcxNTc2MTQxN30.joDicn_4P-d5KzfQr1lhLziyFXUH1PLFgQi3YaKIZHE','BEARER',2),(69,_binary '',_binary '','eyJhbGciOiJIUzI1NiJ9.eyJzdWIiOiJhZG1pbkBnbWFpbC5jb20iLCJpYXQiOjE3MTU3NjExODgsImV4cCI6MTcxNTc2MTQ4OH0.p7wAV0Bh2cgoDZZ_pA8Mrtozt1Ip8OfB3EJqezVVR-c','BEARER',2),(70,_binary '',_binary '','eyJhbGciOiJIUzI1NiJ9.eyJzdWIiOiJhZG1pbkBnbWFpbC5jb20iLCJpYXQiOjE3MTU3NjEyNDAsImV4cCI6MTcxNTc2MTU0MH0.RlizJ2gTH4H0SAVVz0rc-HHkguebRpf4wRVKEzEIUKU','BEARER',2),(71,_binary '',_binary '','eyJhbGciOiJIUzI1NiJ9.eyJzdWIiOiJhZG1pbkBnbWFpbC5jb20iLCJpYXQiOjE3MTU3NjEyNDgsImV4cCI6MTcxNTc2MTU0OH0.U1tuxnJL3owdrXtgRsyCmWg5dnctVUHVx8gJkgc5vD0','BEARER',2),(72,_binary '',_binary '','eyJhbGciOiJIUzI1NiJ9.eyJzdWIiOiJhZG1pbkBnbWFpbC5jb20iLCJpYXQiOjE3MTU3NjEyNTksImV4cCI6MTcxNTc2MTU1OX0.p1PKwY_rbytdLue1-06ynTwndogGYjfqsX8doLwliIA','BEARER',2),(73,_binary '',_binary '','eyJhbGciOiJIUzI1NiJ9.eyJzdWIiOiJhZG1pbkBnbWFpbC5jb20iLCJpYXQiOjE3MTU3NjEyNjUsImV4cCI6MTcxNTc2MTU2NX0.ytI9zGCiyn4bN2nIDdmZZfrFHYEoTa67cDSAve4Yf6g','BEARER',2),(74,_binary '',_binary '','eyJhbGciOiJIUzI1NiJ9.eyJzdWIiOiJhZG1pbkBnbWFpbC5jb20iLCJpYXQiOjE3MTU3NjEyNjcsImV4cCI6MTcxNTc2MTU2N30.b2TeC87Zfc7m1DWaoX4goQj3V2TKLvSgN8OPl4vIzUI','BEARER',2),(75,_binary '',_binary '','eyJhbGciOiJIUzI1NiJ9.eyJzdWIiOiJhZG1pbkBnbWFpbC5jb20iLCJpYXQiOjE3MTU3NjEyNjksImV4cCI6MTcxNTc2MTU2OX0.6EY_Q_KGz0Kxyy9p9k1CQUwahYRJdPgThE1xwYz7Ohg','BEARER',2),(76,_binary '',_binary '','eyJhbGciOiJIUzI1NiJ9.eyJzdWIiOiJhZG1pbkBnbWFpbC5jb20iLCJpYXQiOjE3MTU3NjEyOTUsImV4cCI6MTcxNTc2MTU5NX0.MqWWpkjc4GeWytnkckq6dKktluJ6I5dWMIo_4AqADbo','BEARER',2),(77,_binary '',_binary '','eyJhbGciOiJIUzI1NiJ9.eyJzdWIiOiJhZG1pbkBnbWFpbC5jb20iLCJpYXQiOjE3MTU3NjEyOTcsImV4cCI6MTcxNTc2MTU5N30.4utEIvi9erSKUIhs9EcEiyIWkvGorba7-gwx7v-PQT8','BEARER',2),(78,_binary '',_binary '','eyJhbGciOiJIUzI1NiJ9.eyJzdWIiOiJhZG1pbkBnbWFpbC5jb20iLCJpYXQiOjE3MTU3NjEzMDQsImV4cCI6MTcxNTc2MTYwNH0.8jhz4mtp3EKc1mISfHvFwjRtKKf-PdT7urnF_pZoVzY','BEARER',2),(79,_binary '',_binary '','eyJhbGciOiJIUzI1NiJ9.eyJzdWIiOiJhZG1pbkBnbWFpbC5jb20iLCJpYXQiOjE3MTU3NjEzMDgsImV4cCI6MTcxNTc2MTYwOH0.4bkO_x8LJRVgIY64mPUD_xlry6EFkkzp6TQIY0ODz8M','BEARER',2),(80,_binary '',_binary '','eyJhbGciOiJIUzI1NiJ9.eyJzdWIiOiJhZG1pbkBnbWFpbC5jb20iLCJpYXQiOjE3MTU3NjEzMTIsImV4cCI6MTcxNTc2MTYxMn0.g4rda0kJBLXG0UJsWZMnE5uzcoMoWRo9Wnq9sSlvKVI','BEARER',2),(81,_binary '',_binary '','eyJhbGciOiJIUzI1NiJ9.eyJzdWIiOiJhZG1pbkBnbWFpbC5jb20iLCJpYXQiOjE3MTU3NjE0NzgsImV4cCI6MTcxNTc2MTc3OH0.nKzB7-lZ1U0LLEtk8HzzzaL7Fcb6p3so4dUXjCvQ-BM','BEARER',2),(82,_binary '',_binary '','eyJhbGciOiJIUzI1NiJ9.eyJzdWIiOiJhZG1pbkBnbWFpbC5jb20iLCJpYXQiOjE3MTU3NjE0OTIsImV4cCI6MTcxNTc2MTc5Mn0.1UCdaFdRxWx-NUPYKFsO2Ot5HclQUeRuyKfYdvzOEJc','BEARER',2),(83,_binary '',_binary '','eyJhbGciOiJIUzI1NiJ9.eyJzdWIiOiJhZG1pbkBnbWFpbC5jb20iLCJpYXQiOjE3MTU3NjE2MDMsImV4cCI6MTcxNTc2MTkwM30.T6BWGC5y-TF4NEGsdd-iTPd-UIwxatcdvTUXFFeseCU','BEARER',2),(84,_binary '',_binary '','eyJhbGciOiJIUzI1NiJ9.eyJzdWIiOiJhZG1pbkBnbWFpbC5jb20iLCJpYXQiOjE3MTU3NjE2NTksImV4cCI6MTcxNTc2MTk1OX0.Sartkm1qcZSbLJ8YbqIxkrSm_2OsD3EBsdAYseUweKY','BEARER',2),(85,_binary '',_binary '','eyJhbGciOiJIUzI1NiJ9.eyJzdWIiOiJhZG1pbkBnbWFpbC5jb20iLCJpYXQiOjE3MTU3NjE2ODcsImV4cCI6MTcxNTc2MTk4N30.Pa1WWcH28zSN0XAFU3h1u45z4ZbuIoykP0Q_T82LTQM','BEARER',2),(86,_binary '',_binary '','eyJhbGciOiJIUzI1NiJ9.eyJzdWIiOiJhZG1pbkBnbWFpbC5jb20iLCJpYXQiOjE3MTU3NjE3NDgsImV4cCI6MTcxNTc2MjA0OH0.o2K99DAhJK1rd7LYHdFsxfPojYteXKGMkslBHf-kYhQ','BEARER',2),(87,_binary '',_binary '','eyJhbGciOiJIUzI1NiJ9.eyJzdWIiOiJhZG1pbkBnbWFpbC5jb20iLCJpYXQiOjE3MTU3NjE3NTAsImV4cCI6MTcxNTc2MjA1MH0.gxIcHnVbS_Gr4OGcJGI34THYNtzOu5MixmcVWoQeQXk','BEARER',2),(88,_binary '',_binary '','eyJhbGciOiJIUzI1NiJ9.eyJzdWIiOiJhZG1pbkBnbWFpbC5jb20iLCJpYXQiOjE3MTU3NjE3NjAsImV4cCI6MTcxNTc2MjA2MH0.koIFDuElQpqtOeUmXZo7ZuZhz0R50bLk2S6gzJC95PE','BEARER',2),(89,_binary '',_binary '','eyJhbGciOiJIUzI1NiJ9.eyJzdWIiOiJhZG1pbkBnbWFpbC5jb20iLCJpYXQiOjE3MTU3NjE4MTQsImV4cCI6MTcxNTc2MjExNH0.t2-1OMqgV9HEzEseXrDfxnS5PxEQVbI0T81yVuPNARk','BEARER',2),(90,_binary '',_binary '','eyJhbGciOiJIUzI1NiJ9.eyJzdWIiOiJhZG1pbkBnbWFpbC5jb20iLCJpYXQiOjE3MTU3NjE4NDAsImV4cCI6MTcxNTc2MjE0MH0.CaiYS_bgR8ngYxF7-nylYLlxXAb4AFPozX2d9NpXyEc','BEARER',2),(91,_binary '',_binary '','eyJhbGciOiJIUzI1NiJ9.eyJzdWIiOiJhZG1pbkBnbWFpbC5jb20iLCJpYXQiOjE3MTU3NjIwMjAsImV4cCI6MTcxNTc2MjMyMH0.nwLjSevorzzvrXsuDH-A1FV-iPl8lr5fczGaW6QbMZs','BEARER',2),(92,_binary '',_binary '','eyJhbGciOiJIUzI1NiJ9.eyJzdWIiOiJhZG1pbkBnbWFpbC5jb20iLCJpYXQiOjE3MTU3NjIyMDAsImV4cCI6MTcxNTc2MjUwMH0.fQkeqCnjOpX63sSH7AaonV-oD97q5JCgCvdReHigbII','BEARER',2),(93,_binary '',_binary '','eyJhbGciOiJIUzI1NiJ9.eyJzdWIiOiJhZG1pbkBnbWFpbC5jb20iLCJpYXQiOjE3MTU3NjIzODAsImV4cCI6MTcxNTc2MjY4MH0.aMdu_z45KOG-41jJuscD5uh3EMBmVMfasmAxxdEdKUs','BEARER',2),(94,_binary '',_binary '','eyJhbGciOiJIUzI1NiJ9.eyJzdWIiOiJhZG1pbkBnbWFpbC5jb20iLCJpYXQiOjE3MTU3NjI1NjAsImV4cCI6MTcxNTc2Mjg2MH0.si5t-bfQ3QWBrEBFNkFaCOfZuLVUbBNNaRIEdu3UUrE','BEARER',2),(95,_binary '',_binary '','eyJhbGciOiJIUzI1NiJ9.eyJzdWIiOiJhZG1pbkBnbWFpbC5jb20iLCJpYXQiOjE3MTU3NjI2NDIsImV4cCI6MTcxNTc2Mjk0Mn0.LBItb4nMHYeokr2IJYizLkOjkyrlssgyfZhxmKWDHXc','BEARER',2),(96,_binary '',_binary '','eyJhbGciOiJIUzI1NiJ9.eyJzdWIiOiJhZG1pbkBnbWFpbC5jb20iLCJpYXQiOjE3MTU3NjI3NTAsImV4cCI6MTcxNTc2MzA1MH0.hqiZ3GXw_yMFmBSb38gTneNM0syNbJ3ERAdc-q_LfZc','BEARER',2),(97,_binary '',_binary '','eyJhbGciOiJIUzI1NiJ9.eyJzdWIiOiJhZG1pbkBnbWFpbC5jb20iLCJpYXQiOjE3MTU3NjI5MzAsImV4cCI6MTcxNTc2MzIzMH0.M9jQ29TalU1estchfk3nDHjbJHDHxEO-SGAceEmKj20','BEARER',2),(98,_binary '',_binary '','eyJhbGciOiJIUzI1NiJ9.eyJzdWIiOiJhZG1pbkBnbWFpbC5jb20iLCJpYXQiOjE3MTU3NjMxMTAsImV4cCI6MTcxNTc2MzQxMH0.kArzBvC7rGIY2nxVOLjPaYw74cVGq3v7_v-_q29t8rs','BEARER',2),(99,_binary '',_binary '','eyJhbGciOiJIUzI1NiJ9.eyJzdWIiOiJhZG1pbkBnbWFpbC5jb20iLCJpYXQiOjE3MTU3NjMyOTEsImV4cCI6MTcxNTc2MzU5MX0.zdNxcaVskYW69AuC_DvPV1LmGDfdXitnRM6tUmOemIg','BEARER',2),(100,_binary '',_binary '','eyJhbGciOiJIUzI1NiJ9.eyJzdWIiOiJhZG1pbkBnbWFpbC5jb20iLCJpYXQiOjE3MTU3NjM1MzksImV4cCI6MTcxNTc2MzgzOX0.OVFiTYmVX09e2AeFEOeF5Sp1Z2xyPqay_1mf2ZiRCmA','BEARER',2),(101,_binary '',_binary '','eyJhbGciOiJIUzI1NiJ9.eyJzdWIiOiJhZG1pbkBnbWFpbC5jb20iLCJpYXQiOjE3MTU3NjM3MTksImV4cCI6MTcxNTc2NDAxOX0.lOFVab8790ne0bqnIzVUck-xCc4jaTMtzov7MxKjTGc','BEARER',2),(102,_binary '',_binary '','eyJhbGciOiJIUzI1NiJ9.eyJzdWIiOiJhZG1pbkBnbWFpbC5jb20iLCJpYXQiOjE3MTU3NjM4OTksImV4cCI6MTcxNTc2NDE5OX0.Ef3seFcuRUu5tgJ6YPQdR4Mum93dDTVEJDF5f6TkNOE','BEARER',2),(103,_binary '',_binary '','eyJhbGciOiJIUzI1NiJ9.eyJzdWIiOiJhZG1pbkBnbWFpbC5jb20iLCJpYXQiOjE3MTU3NjQzNzcsImV4cCI6MTcxNTc2NDY3N30.PJxIJQN3XWcTS6_0lS4lp0l9nPZtfA-nDCmDam5OE3Y','BEARER',2),(104,_binary '',_binary '','eyJhbGciOiJIUzI1NiJ9.eyJzdWIiOiJhZG1pbkBnbWFpbC5jb20iLCJpYXQiOjE3MTU3NjQ1NTcsImV4cCI6MTcxNTc2NDg1N30.eO495qMU3lVUUJOT_dXBu10Xc9SoSxwFkcHFIbX482k','BEARER',2),(105,_binary '',_binary '','eyJhbGciOiJIUzI1NiJ9.eyJzdWIiOiJhZG1pbkBnbWFpbC5jb20iLCJpYXQiOjE3MTU3NjQ3MzcsImV4cCI6MTcxNTc2NTAzN30.QYQiYdN8ywRrRN0aG4iZ8vPaBMSaDYLcV5t7si7yy_U','BEARER',2),(106,_binary '',_binary '','eyJhbGciOiJIUzI1NiJ9.eyJzdWIiOiJhZG1pbkBnbWFpbC5jb20iLCJpYXQiOjE3MTU3NjQ5MTcsImV4cCI6MTcxNTc2NTIxN30.TY6PRUvcMPGiOqztae_gLyz_h25whZavpbl5Du44ENM','BEARER',2),(107,_binary '',_binary '','eyJhbGciOiJIUzI1NiJ9.eyJzdWIiOiJhZG1pbkBnbWFpbC5jb20iLCJpYXQiOjE3MTU3NjUwOTcsImV4cCI6MTcxNTc2NTM5N30.GAG-TMAq0IgpeJm1jpHOkuuS7sRzPSnZ-GoF_1U6ORM','BEARER',2),(108,_binary '',_binary '','eyJhbGciOiJIUzI1NiJ9.eyJzdWIiOiJhZG1pbkBnbWFpbC5jb20iLCJpYXQiOjE3MTU3NjUyNzcsImV4cCI6MTcxNTc2NTU3N30.EGd61MBW_VQhEyDxeBx8CbZDFTgyq5Ue1-8HBdwGSoQ','BEARER',2),(109,_binary '',_binary '','eyJhbGciOiJIUzI1NiJ9.eyJzdWIiOiJhZG1pbkBnbWFpbC5jb20iLCJpYXQiOjE3MTU3NjU0NTcsImV4cCI6MTcxNTc2NTc1N30.DyOgIpVAMQv8XV4NbFbF79VLm0IIfjo9WXmHzjZdUOU','BEARER',2),(110,_binary '',_binary '','eyJhbGciOiJIUzI1NiJ9.eyJzdWIiOiJhZG1pbkBnbWFpbC5jb20iLCJpYXQiOjE3MTU3NjU2MzcsImV4cCI6MTcxNTc2NTkzN30.K2H3BeN6pqeQ61f1I4vHBThGLVt-HOJIL3p0TcMCA04','BEARER',2),(111,_binary '',_binary '','eyJhbGciOiJIUzI1NiJ9.eyJzdWIiOiJhZG1pbkBnbWFpbC5jb20iLCJpYXQiOjE3MTU3NjU4MTcsImV4cCI6MTcxNTc2NjExN30.pa7fmgndyAAl4uDPIr4mfvPGMELN0Da9SuSAKYli7-M','BEARER',2),(112,_binary '',_binary '','eyJhbGciOiJIUzI1NiJ9.eyJzdWIiOiJhZG1pbkBnbWFpbC5jb20iLCJpYXQiOjE3MTU3NjU5OTcsImV4cCI6MTcxNTc2NjI5N30.ryuC_3-nURD7iAUi5LREAMCedd1sol0-vbDO5BIDgng','BEARER',2),(113,_binary '',_binary '','eyJhbGciOiJIUzI1NiJ9.eyJzdWIiOiJhZG1pbkBnbWFpbC5jb20iLCJpYXQiOjE3MTU3NjYxNzcsImV4cCI6MTcxNTc2NjQ3N30.v8CvSRxqiWpAgmDC9UaYzFN1rFsYY9kjZF37eZmq7QE','BEARER',2),(114,_binary '',_binary '','eyJhbGciOiJIUzI1NiJ9.eyJzdWIiOiJhZG1pbkBnbWFpbC5jb20iLCJpYXQiOjE3MTU3NjYzMzMsImV4cCI6MTcxNTc2NjYzM30.1EPHjx8XmUdI_vW11-1fX2m_83XPF_7WQMf7s4m2abA','BEARER',2),(115,_binary '',_binary '','eyJhbGciOiJIUzI1NiJ9.eyJzdWIiOiJhZG1pbkBnbWFpbC5jb20iLCJpYXQiOjE3MTU3NjYzOTksImV4cCI6MTcxNTc2NjY5OX0.k00pm1ugzf6D152B47g-uvTxUxgGXkS61kYyy1rGiBw','BEARER',2),(116,_binary '',_binary '','eyJhbGciOiJIUzI1NiJ9.eyJzdWIiOiJhZG1pbkBnbWFpbC5jb20iLCJpYXQiOjE3MTU3NjY1NzksImV4cCI6MTcxNTc2Njg3OX0.QO-IbDW9lLkG34SMnDSObxm8ILZsHxO4wPzlF40Ahoc','BEARER',2),(117,_binary '',_binary '','eyJhbGciOiJIUzI1NiJ9.eyJzdWIiOiJhZG1pbkBnbWFpbC5jb20iLCJpYXQiOjE3MTU3NjY3NTksImV4cCI6MTcxNTc2NzA1OX0.Eg46F_SQ46R3CoaiOJr-nYk9PTyPQtbgVGTH-1sDiLk','BEARER',2),(118,_binary '',_binary '','eyJhbGciOiJIUzI1NiJ9.eyJzdWIiOiJhZG1pbkBnbWFpbC5jb20iLCJpYXQiOjE3MTU3NjY5NDAsImV4cCI6MTcxNTc2NzI0MH0.D7BQi1xY2yqITeCc9HXIjrNGwvFAJwQZWA-WxdBJZiM','BEARER',2),(119,_binary '',_binary '','eyJhbGciOiJIUzI1NiJ9.eyJzdWIiOiJhZG1pbkBnbWFpbC5jb20iLCJpYXQiOjE3MTU3NjcxMjEsImV4cCI6MTcxNTc2NzQyMX0.3HXkU7tt5EocY4EIHTweGIShBoVVLkacX35_uv8sorU','BEARER',2),(120,_binary '',_binary '','eyJhbGciOiJIUzI1NiJ9.eyJzdWIiOiJhZG1pbkBnbWFpbC5jb20iLCJpYXQiOjE3MTU3NjczMDIsImV4cCI6MTcxNTc2NzYwMn0.Aqj3cfzlV1eTSIxxJL7IBO_WzgsYPtRwiF5Nqdia320','BEARER',2),(121,_binary '',_binary '','eyJhbGciOiJIUzI1NiJ9.eyJzdWIiOiJhZG1pbkBnbWFpbC5jb20iLCJpYXQiOjE3MTU3Njc0ODMsImV4cCI6MTcxNTc2Nzc4M30.ZMYzR3-Axtio87sXPXIdE0XPqk70A1B0QinfufGF66w','BEARER',2),(122,_binary '',_binary '','eyJhbGciOiJIUzI1NiJ9.eyJzdWIiOiJhZG1pbkBnbWFpbC5jb20iLCJpYXQiOjE3MTU3Njc2NjQsImV4cCI6MTcxNTc2Nzk2NH0.h1KKy32YZskmIxzOYq4CHedf18FL9609zKdmWtcBHlI','BEARER',2),(123,_binary '',_binary '','eyJhbGciOiJIUzI1NiJ9.eyJzdWIiOiJhZG1pbkBnbWFpbC5jb20iLCJpYXQiOjE3MTU3Njc4NDUsImV4cCI6MTcxNTc2ODE0NX0.UepZr3yaHojkbdbjUa9RnIR9pHJgbpGgOqS7rRivbKo','BEARER',2),(124,_binary '',_binary '','eyJhbGciOiJIUzI1NiJ9.eyJzdWIiOiJhZG1pbkBnbWFpbC5jb20iLCJpYXQiOjE3MTU3NjgwMjYsImV4cCI6MTcxNTc2ODMyNn0.UKQvZk_iTa2ICyy4IuiiWjq_QlN_xxwKOQRWrw2wyS4','BEARER',2),(125,_binary '',_binary '','eyJhbGciOiJIUzI1NiJ9.eyJzdWIiOiJhZG1pbkBnbWFpbC5jb20iLCJpYXQiOjE3MTU3NjgyMDcsImV4cCI6MTcxNTc2ODUwN30.m762ldQIa5WtXSeS_5NPrKOdG_sNuC0DxqyUmSdlYCc','BEARER',2),(126,_binary '',_binary '','eyJhbGciOiJIUzI1NiJ9.eyJzdWIiOiJhZG1pbkBnbWFpbC5jb20iLCJpYXQiOjE3MTU3NjgzODgsImV4cCI6MTcxNTc2ODY4OH0.rvyI7maTmaIV_w67WOe6Ro136uhMMCuU0WjSrzvpq94','BEARER',2),(127,_binary '',_binary '','eyJhbGciOiJIUzI1NiJ9.eyJzdWIiOiJhZG1pbkBnbWFpbC5jb20iLCJpYXQiOjE3MTU3NzgwMTksImV4cCI6MTcxNTc3ODMxOX0.yAY4BM6gs2WihoXA1HdeBuZHAYWZP4oHkxe-U86Z2gE','BEARER',2),(128,_binary '',_binary '','eyJhbGciOiJIUzI1NiJ9.eyJzdWIiOiJhZG1pbkBnbWFpbC5jb20iLCJpYXQiOjE3MTU3NzgwMjksImV4cCI6MTcxNTc3ODMyOX0._CF6Jz6BPcet3FEyeWwJ9bGFXjp9mKQjt3CToa2ZGfs','BEARER',2),(129,_binary '',_binary '','eyJhbGciOiJIUzI1NiJ9.eyJzdWIiOiJhZG1pbkBnbWFpbC5jb20iLCJpYXQiOjE3MTU3Nzg1NzAsImV4cCI6MTcxNTc3ODg3MH0.1mIOQCFlKL3dfe3KfcuI5Z-bXoBtrn7VFQe98v381wk','BEARER',2),(130,_binary '',_binary '','eyJhbGciOiJIUzI1NiJ9.eyJzdWIiOiJhZG1pbkBnbWFpbC5jb20iLCJpYXQiOjE3MTU3Nzg1NzcsImV4cCI6MTcxNTc3ODg3N30.9FiMTN71fsY24Db9JjfXuxYCXricEv6YfjXckwU8BTg','BEARER',2),(131,_binary '',_binary '','eyJhbGciOiJIUzI1NiJ9.eyJzdWIiOiJhZG1pbkBnbWFpbC5jb20iLCJpYXQiOjE3MTU3Nzg1ODUsImV4cCI6MTcxNTc3ODg4NX0.QTwnR3UMOpj4BsewZtdY5M5e_vLjT34kgwND3SNx0SA','BEARER',2),(132,_binary '',_binary '','eyJhbGciOiJIUzI1NiJ9.eyJzdWIiOiJhZG1pbkBnbWFpbC5jb20iLCJpYXQiOjE3MTU3Nzg3NjUsImV4cCI6MTcxNTc3OTA2NX0.vFQ9CqoQx7hxMW0-gJOqqioVWf5dHa2Qu94Is1unfzU','BEARER',2),(133,_binary '',_binary '','eyJhbGciOiJIUzI1NiJ9.eyJzdWIiOiJhZG1pbkBnbWFpbC5jb20iLCJpYXQiOjE3MTU3Nzg4ODMsImV4cCI6MTcxNTc3OTE4M30.PKxKLxmbtP5FTnYuz3WpWWDKxUlJRZN1aTr8GRz5Mx8','BEARER',2),(134,_binary '',_binary '','eyJhbGciOiJIUzI1NiJ9.eyJzdWIiOiJhZG1pbkBnbWFpbC5jb20iLCJpYXQiOjE3MTU3Nzg4ODksImV4cCI6MTcxNTc3OTE4OX0.UdKPfSoecQ_E7_caUXgEmg4_fxa1-QLBFhL1wBpKMas','BEARER',2),(135,_binary '',_binary '','eyJhbGciOiJIUzI1NiJ9.eyJzdWIiOiJhZG1pbkBnbWFpbC5jb20iLCJpYXQiOjE3MTU3Nzg5MTYsImV4cCI6MTcxNTc3OTIxNn0.-RzaBPRd3cH-ysG86XiyfawgcOX_lPMCnf82rn1ZLK4','BEARER',2),(136,_binary '',_binary '','eyJhbGciOiJIUzI1NiJ9.eyJzdWIiOiJhZG1pbkBnbWFpbC5jb20iLCJpYXQiOjE3MTU3Nzg5MjQsImV4cCI6MTcxNTc3OTIyNH0.hpajlwmA9Z-EHIrBfssRCZCagX60nQxb2P9L7_Uf8VA','BEARER',2),(137,_binary '',_binary '','eyJhbGciOiJIUzI1NiJ9.eyJzdWIiOiJhZG1pbkBnbWFpbC5jb20iLCJpYXQiOjE3MTU3Nzg5NDcsImV4cCI6MTcxNTc3OTI0N30.td-t8RO3Tp2GvXXh1X4rVgk6e7u4iEtLbnM6NCkq8ZI','BEARER',2),(138,_binary '',_binary '','eyJhbGciOiJIUzI1NiJ9.eyJzdWIiOiJhZG1pbkBnbWFpbC5jb20iLCJpYXQiOjE3MTU3Nzg5NTcsImV4cCI6MTcxNTc3OTI1N30.2Pp7NULt_KsDptOZhDtlMsNlF-kLV6pkYjHA63yjBoQ','BEARER',2),(139,_binary '',_binary '','eyJhbGciOiJIUzI1NiJ9.eyJzdWIiOiJhZG1pbkBnbWFpbC5jb20iLCJpYXQiOjE3MTU3Nzg5NjQsImV4cCI6MTcxNTc3OTI2NH0.q1d3MxImmZI7dqYduIa5TlyyIbQ-RHPtydJmnqzZ-s0','BEARER',2),(140,_binary '',_binary '','eyJhbGciOiJIUzI1NiJ9.eyJzdWIiOiJhZG1pbkBnbWFpbC5jb20iLCJpYXQiOjE3MTU3Nzg5ODcsImV4cCI6MTcxNTc3OTI4N30.hxs-d1QDUUSsBlsHHzOIm9piehI2Kdcm2IEFkR7dnN0','BEARER',2),(141,_binary '',_binary '','eyJhbGciOiJIUzI1NiJ9.eyJzdWIiOiJhZG1pbkBnbWFpbC5jb20iLCJpYXQiOjE3MTU3Nzg5OTEsImV4cCI6MTcxNTc3OTI5MX0.OtxDsBLFi89JC5BduzJnEqNg8ZstTHSVlN3u5mMl8eg','BEARER',2),(142,_binary '',_binary '','eyJhbGciOiJIUzI1NiJ9.eyJzdWIiOiJhZG1pbkBnbWFpbC5jb20iLCJpYXQiOjE3MTU3Nzg5OTgsImV4cCI6MTcxNTc3OTI5OH0.fGqM8xLmJyh1cbrkPfOekLEhkdkqeNr1aJWdviAnf38','BEARER',2),(143,_binary '',_binary '','eyJhbGciOiJIUzI1NiJ9.eyJzdWIiOiJhZG1pbkBnbWFpbC5jb20iLCJpYXQiOjE3MTU3NzkxNDgsImV4cCI6MTcxNTc3OTQ0OH0.WO6CbjtGY-pK0CGZzOnj2hgU42M5qwJ5uFf2xjc10a8','BEARER',2),(144,_binary '',_binary '','eyJhbGciOiJIUzI1NiJ9.eyJzdWIiOiJhZG1pbkBnbWFpbC5jb20iLCJpYXQiOjE3MTU3NzkzMzEsImV4cCI6MTcxNTc3OTYzMX0.GMacZoyeb1GqlP8ekyYexwzLUOPwDx2OQRQj0ZQMadY','BEARER',2),(145,_binary '',_binary '','eyJhbGciOiJIUzI1NiJ9.eyJzdWIiOiJhZG1pbkBnbWFpbC5jb20iLCJpYXQiOjE3MTU3Nzk1MTEsImV4cCI6MTcxNTc3OTgxMX0.0vfV71baw6NutmhZYnXp480xXPK-tRpqW0hiebKrfIc','BEARER',2),(146,_binary '',_binary '','eyJhbGciOiJIUzI1NiJ9.eyJzdWIiOiJhZG1pbkBnbWFpbC5jb20iLCJpYXQiOjE3MTU3Nzk2OTEsImV4cCI6MTcxNTc3OTk5MX0.XlY-ZAzxFTIGtiyhs0A3jIubWLaWKL_YMUnfbKhDtPg','BEARER',2),(147,_binary '',_binary '','eyJhbGciOiJIUzI1NiJ9.eyJzdWIiOiJhZG1pbkBnbWFpbC5jb20iLCJpYXQiOjE3MTU3Nzk4NzEsImV4cCI6MTcxNTc4MDE3MX0.u1Ssmf7-WBQVA9vsmRALtsEPwrGJILJevqZy5VJRCtI','BEARER',2),(148,_binary '',_binary '','eyJhbGciOiJIUzI1NiJ9.eyJzdWIiOiJhZG1pbkBnbWFpbC5jb20iLCJpYXQiOjE3MTU3ODAwNTEsImV4cCI6MTcxNTc4MDM1MX0.8AuGu0N6UgiL_ESEZFapkixUXBzqxdGoJnLImQD_9O0','BEARER',2),(149,_binary '',_binary '','eyJhbGciOiJIUzI1NiJ9.eyJzdWIiOiJhZG1pbkBnbWFpbC5jb20iLCJpYXQiOjE3MTU3ODAyMzEsImV4cCI6MTcxNTc4MDUzMX0.3WPdn9XfqzhppQzyN0iaEQRobnj8809IR9CDx_bq7C4','BEARER',2),(150,_binary '',_binary '','eyJhbGciOiJIUzI1NiJ9.eyJzdWIiOiJhZG1pbkBnbWFpbC5jb20iLCJpYXQiOjE3MTU3ODA0MTEsImV4cCI6MTcxNTc4MDcxMX0.3ozzxqX42WHJxRBw5n_GlXaIMj9eGESaom-G8XvIMQk','BEARER',2),(151,_binary '',_binary '','eyJhbGciOiJIUzI1NiJ9.eyJzdWIiOiJhZG1pbkBnbWFpbC5jb20iLCJpYXQiOjE3MTU3ODA0NTIsImV4cCI6MTcxNTc4MDc1Mn0.jXP-aEEPmMsdcBxxdETAV9V_FcYO18hWnpuft6fGWSg','BEARER',2),(152,_binary '',_binary '','eyJhbGciOiJIUzI1NiJ9.eyJzdWIiOiJhZG1pbkBnbWFpbC5jb20iLCJpYXQiOjE3MTU3ODA0NTcsImV4cCI6MTcxNTc4MDc1N30.5QfcUt7BcvfKOd-x1MUBnq3uPifRrZVgx_q8i64SRc8','BEARER',2),(153,_binary '',_binary '','eyJhbGciOiJIUzI1NiJ9.eyJzdWIiOiJhZG1pbkBnbWFpbC5jb20iLCJpYXQiOjE3MTU3ODA0OTAsImV4cCI6MTcxNTc4MDc5MH0.VtMYOsRjQFR2ysbzVG00sPAqFnEOH3NyyipuiLfI3Tc','BEARER',2),(154,_binary '',_binary '','eyJhbGciOiJIUzI1NiJ9.eyJzdWIiOiJhZG1pbkBnbWFpbC5jb20iLCJpYXQiOjE3MTU3ODA0OTYsImV4cCI6MTcxNTc4MDc5Nn0.Gn9tPgur2tKQTJJBSZAgo82A8axLS6kdjYcLjvjnzho','BEARER',2),(155,_binary '',_binary '','eyJhbGciOiJIUzI1NiJ9.eyJzdWIiOiJhZG1pbkBnbWFpbC5jb20iLCJpYXQiOjE3MTU3ODA1NDQsImV4cCI6MTcxNTc4MDg0NH0.LPvUBmu4cTIhsAeFqsiEmvMyYsON82b1kNl1PcOw2Wo','BEARER',2),(156,_binary '',_binary '','eyJhbGciOiJIUzI1NiJ9.eyJzdWIiOiJhZG1pbkBnbWFpbC5jb20iLCJpYXQiOjE3MTU3ODA1NDcsImV4cCI6MTcxNTc4MDg0N30.6BwZQkZdkqMLTKnKN5t4IBhOL8OyzizeatUt8Q__RVE','BEARER',2),(157,_binary '',_binary '','eyJhbGciOiJIUzI1NiJ9.eyJzdWIiOiJhZG1pbkBnbWFpbC5jb20iLCJpYXQiOjE3MTU3ODA1NTMsImV4cCI6MTcxNTc4MDg1M30.pWsXuzRvuPIYRB2ZXwtWmKclkhdCQFpQZM6oA-P8Q0c','BEARER',2),(158,_binary '',_binary '','eyJhbGciOiJIUzI1NiJ9.eyJzdWIiOiJhZG1pbkBnbWFpbC5jb20iLCJpYXQiOjE3MTU3ODA1NTcsImV4cCI6MTcxNTc4MDg1N30.HGq_wkb_fIeUTMgDpEYKWh6l-wveNO0nV1KmnZ_j7u8','BEARER',2),(159,_binary '',_binary '','eyJhbGciOiJIUzI1NiJ9.eyJzdWIiOiJhZG1pbkBnbWFpbC5jb20iLCJpYXQiOjE3MTU3ODA3MjQsImV4cCI6MTcxNTc4MTAyNH0.gBRcph6UytyO6vT2Klcul6231nJIzMMoIGfgdNI9hXY','BEARER',2),(160,_binary '',_binary '','eyJhbGciOiJIUzI1NiJ9.eyJzdWIiOiJhZG1pbkBnbWFpbC5jb20iLCJpYXQiOjE3MTU3ODA3MjksImV4cCI6MTcxNTc4MTAyOX0._EkAAjjtKG2VrJupJ9Rimevuh9VPQ9LG4-zD7HDOXMc','BEARER',2),(161,_binary '',_binary '','eyJhbGciOiJIUzI1NiJ9.eyJzdWIiOiJhZG1pbkBnbWFpbC5jb20iLCJpYXQiOjE3MTU3ODA3NTIsImV4cCI6MTcxNTc4MTA1Mn0.kVuxqfXz1beJOEslPdcFqwVJwXO9kY_iu3SjwpZCWZo','BEARER',2),(162,_binary '',_binary '','eyJhbGciOiJIUzI1NiJ9.eyJzdWIiOiJhZG1pbkBnbWFpbC5jb20iLCJpYXQiOjE3MTU3ODA3NTksImV4cCI6MTcxNTc4MTA1OX0.HfCzwr0nUUq8idnjdoyMwmnBWRxg-z8K7cCV5P-qxLM','BEARER',2),(163,_binary '',_binary '','eyJhbGciOiJIUzI1NiJ9.eyJzdWIiOiJhZG1pbkBnbWFpbC5jb20iLCJpYXQiOjE3MTU3ODA3ODcsImV4cCI6MTcxNTc4MTA4N30.j4ks-Sr_XPpdklv0r9103-CXAKwA0OkvNYmJ-0dr7pU','BEARER',2),(164,_binary '',_binary '','eyJhbGciOiJIUzI1NiJ9.eyJzdWIiOiJhZG1pbkBnbWFpbC5jb20iLCJpYXQiOjE3MTU3ODA3OTEsImV4cCI6MTcxNTc4MTA5MX0.NQOgE1AzcHISBxbF6CfJgOYIG4whe6ndffB0S1wmm0Q','BEARER',2),(165,_binary '',_binary '','eyJhbGciOiJIUzI1NiJ9.eyJzdWIiOiJhZG1pbkBnbWFpbC5jb20iLCJpYXQiOjE3MTU3ODA3OTgsImV4cCI6MTcxNTc4MTA5OH0.FGYHtadg3Q9suud-pjCRtJO7f3ZBo_lvyMN8LH2HyqM','BEARER',2),(166,_binary '',_binary '','eyJhbGciOiJIUzI1NiJ9.eyJzdWIiOiJhZG1pbkBnbWFpbC5jb20iLCJpYXQiOjE3MTU3ODA4MDksImV4cCI6MTcxNTc4MTEwOX0.GmXzUxZxkuxEvGM056hLUtFsIz2sfEGA7CHUIrzklcA','BEARER',2),(167,_binary '',_binary '','eyJhbGciOiJIUzI1NiJ9.eyJzdWIiOiJhZG1pbkBnbWFpbC5jb20iLCJpYXQiOjE3MTU3ODA4NDIsImV4cCI6MTcxNTc4MTE0Mn0.WfG9nQ5jrXhXFpqMCU1Mluy8bvSZGZK9Eb-c3yjznRo','BEARER',2),(168,_binary '',_binary '','eyJhbGciOiJIUzI1NiJ9.eyJzdWIiOiJhZG1pbkBnbWFpbC5jb20iLCJpYXQiOjE3MTU3ODA4NDgsImV4cCI6MTcxNTc4MTE0OH0.alQ6OVJTSBZVxyhmP1Tg_KE_9uBz-BrWpXSvTOuzaIw','BEARER',2),(169,_binary '',_binary '','eyJhbGciOiJIUzI1NiJ9.eyJzdWIiOiJhZG1pbkBnbWFpbC5jb20iLCJpYXQiOjE3MTU3ODEwMjgsImV4cCI6MTcxNTc4MTMyOH0.s4pww0TDu6p3LlvIEEzS3b4KJLLaDdKKzBNE4-Mw7qg','BEARER',2),(170,_binary '',_binary '','eyJhbGciOiJIUzI1NiJ9.eyJzdWIiOiJhZG1pbkBnbWFpbC5jb20iLCJpYXQiOjE3MTU3ODEwOTYsImV4cCI6MTcxNTc4MTM5Nn0.ElQVzh1ARbDtlkUX-h5K594cS4j8ianChEJNpIB4Ydo','BEARER',2),(171,_binary '',_binary '','eyJhbGciOiJIUzI1NiJ9.eyJzdWIiOiJhZG1pbkBnbWFpbC5jb20iLCJpYXQiOjE3MTU3ODExMjUsImV4cCI6MTcxNTc4MTQyNX0.bEZwdHSFKaHdCFpydRgjHREdBJt8uEf56K2DqsyDH0A','BEARER',2),(172,_binary '',_binary '','eyJhbGciOiJIUzI1NiJ9.eyJzdWIiOiJhZG1pbkBnbWFpbC5jb20iLCJpYXQiOjE3MTU3ODExNTUsImV4cCI6MTcxNTc4MTQ1NX0.NdwcKb9ozjyV8eRRvKwFarUrJEJlAoAvt3Y_ePlzvoM','BEARER',2),(173,_binary '',_binary '','eyJhbGciOiJIUzI1NiJ9.eyJzdWIiOiJhZG1pbkBnbWFpbC5jb20iLCJpYXQiOjE3MTU3ODEzMzYsImV4cCI6MTcxNTc4MTYzNn0.PGpFrsj4ooak8NvzA3PsdIEf0eysva0y-qyAB_ReRVk','BEARER',2),(174,_binary '',_binary '','eyJhbGciOiJIUzI1NiJ9.eyJzdWIiOiJhZG1pbkBnbWFpbC5jb20iLCJpYXQiOjE3MTU3ODE1MTYsImV4cCI6MTcxNTc4MTgxNn0.WcOqT8zK4E9QHP0jjtHgBH4uXRu_0DPz_ZpZknwUWU4','BEARER',2),(175,_binary '',_binary '','eyJhbGciOiJIUzI1NiJ9.eyJzdWIiOiJhZG1pbkBnbWFpbC5jb20iLCJpYXQiOjE3MTU3ODE2OTYsImV4cCI6MTcxNTc4MTk5Nn0.y4Vm9H8LY2_16DiVABtkLdmyeiNWYq0d7CxuVSIsTAo','BEARER',2),(176,_binary '',_binary '','eyJhbGciOiJIUzI1NiJ9.eyJzdWIiOiJhZG1pbkBnbWFpbC5jb20iLCJpYXQiOjE3MTU3ODQzOTYsImV4cCI6MTcxNTc4NDY5Nn0.L2ittcLqvNdLw6K9aDi_XoEmUB1sOD72S1c6AeCTFTg','BEARER',2),(177,_binary '',_binary '','eyJhbGciOiJIUzI1NiJ9.eyJzdWIiOiJhZG1pbkBnbWFpbC5jb20iLCJpYXQiOjE3MTU3ODQ2OTQsImV4cCI6MTcxNTc4NDk5NH0.zQBsOWfnvLpPtnFiZDYCvNtcSsaxnHAJBckUJwJnLRs','BEARER',2),(178,_binary '',_binary '','eyJhbGciOiJIUzI1NiJ9.eyJzdWIiOiJhZG1pbkBnbWFpbC5jb20iLCJpYXQiOjE3MTU3ODQ3MTMsImV4cCI6MTcxNTc4NTAxM30.aFKEzNqeGm1Xe8h4tNbNr-Yrnc52B5FboYT7mpSQCyY','BEARER',2),(179,_binary '',_binary '','eyJhbGciOiJIUzI1NiJ9.eyJzdWIiOiJhZG1pbkBnbWFpbC5jb20iLCJpYXQiOjE3MTU3ODQ4MTAsImV4cCI6MTcxNTc4NTExMH0.DbmWKJwljIwHX3cC6ohhPhUINLwglio0LBdu14Sb714','BEARER',2),(180,_binary '',_binary '','eyJhbGciOiJIUzI1NiJ9.eyJzdWIiOiJhZG1pbkBnbWFpbC5jb20iLCJpYXQiOjE3MTU3ODQ4MTQsImV4cCI6MTcxNTc4NTExNH0.-NZzODf7hlyfjjpcYW9DxSiYpWfiHuw7b7KockgbT6U','BEARER',2),(181,_binary '',_binary '','eyJhbGciOiJIUzI1NiJ9.eyJzdWIiOiJhZG1pbkBnbWFpbC5jb20iLCJpYXQiOjE3MTU3ODQ4OTcsImV4cCI6MTcxNTc4NTE5N30.htnl0P9blsz1YZhbQk1zxH7u8Be_r_NZsM9i_UmhxaU','BEARER',2),(182,_binary '',_binary '','eyJhbGciOiJIUzI1NiJ9.eyJzdWIiOiJhZG1pbkBnbWFpbC5jb20iLCJpYXQiOjE3MTU3ODUwNzgsImV4cCI6MTcxNTc4NTM3OH0.g_CxPYnJhODRxxB8mjluQ15Rqs50vQKCxxuYObxZDEM','BEARER',2),(183,_binary '',_binary '','eyJhbGciOiJIUzI1NiJ9.eyJzdWIiOiJhZG1pbkBnbWFpbC5jb20iLCJpYXQiOjE3MTU3ODUxNTUsImV4cCI6MTcxNTc4NTQ1NX0.js4HiPcqi2Ylfml4KktMO9-oIJ24BJXn9PC_5_Hy2qw','BEARER',2),(184,_binary '',_binary '','eyJhbGciOiJIUzI1NiJ9.eyJzdWIiOiJhZG1pbkBnbWFpbC5jb20iLCJpYXQiOjE3MTU3ODUyMzYsImV4cCI6MTcxNTc4NTUzNn0.twxoRY3HLX5jWuuPJTOWT6uuYqBtFed2-r32qR1Jqxo','BEARER',2),(185,_binary '',_binary '','eyJhbGciOiJIUzI1NiJ9.eyJzdWIiOiJhZG1pbkBnbWFpbC5jb20iLCJpYXQiOjE3MTU3ODUyNjgsImV4cCI6MTcxNTc4NTU2OH0.K1N3CfWv0Hrz_BpdK9XyvN9sKhQ3dRIYMwGHZSQIvLw','BEARER',2),(186,_binary '',_binary '','eyJhbGciOiJIUzI1NiJ9.eyJzdWIiOiJhZG1pbkBnbWFpbC5jb20iLCJpYXQiOjE3MTU3ODUyOTUsImV4cCI6MTcxNTc4NTU5NX0.oJ2hWEFlYN1p8a5VTohc7I_FrnzBaKqMQ3BJHTDtHPA','BEARER',2),(187,_binary '',_binary '','eyJhbGciOiJIUzI1NiJ9.eyJzdWIiOiJhZG1pbkBnbWFpbC5jb20iLCJpYXQiOjE3MTU3ODUzMDEsImV4cCI6MTcxNTc4NTYwMX0.BuWlHFLRcStAWHuMC4F-g6RWYildQU7lR1kCVIiGieg','BEARER',2),(188,_binary '',_binary '','eyJhbGciOiJIUzI1NiJ9.eyJzdWIiOiJhZG1pbkBnbWFpbC5jb20iLCJpYXQiOjE3MTU3ODUzMTMsImV4cCI6MTcxNTc4NTYxM30.kseLBBUNOy8wk2VKmuZe9JYh9aljqp-RFPfykfd4LtI','BEARER',2),(189,_binary '',_binary '','eyJhbGciOiJIUzI1NiJ9.eyJzdWIiOiJhZG1pbkBnbWFpbC5jb20iLCJpYXQiOjE3MTU3ODUzNDQsImV4cCI6MTcxNTc4NTY0NH0.FbLe5ATnvIZE45128blDuAHYpqoTsdLC3NkMPamMbI4','BEARER',2),(190,_binary '',_binary '','eyJhbGciOiJIUzI1NiJ9.eyJzdWIiOiJhZG1pbkBnbWFpbC5jb20iLCJpYXQiOjE3MTU3ODUzNTIsImV4cCI6MTcxNTc4NTY1Mn0.OaR8DjnimMv-bq7WPSy24IBjSzhmD9rVM8kOvoAsjZ4','BEARER',2),(191,_binary '',_binary '','eyJhbGciOiJIUzI1NiJ9.eyJzdWIiOiJhZG1pbkBnbWFpbC5jb20iLCJpYXQiOjE3MTU3ODU0MzgsImV4cCI6MTcxNTc4NTczOH0.aswieF3M4RtSv5eWi-yGYvRYAE1kbffY2b4UhBZlh44','BEARER',2),(192,_binary '',_binary '','eyJhbGciOiJIUzI1NiJ9.eyJzdWIiOiJhZG1pbkBnbWFpbC5jb20iLCJpYXQiOjE3MTU3ODU1MjQsImV4cCI6MTcxNTc4NTgyNH0.kZbF9MgFVsesvtPj1_ld_Z0IVpNZbc6fG5haypHz-yc','BEARER',2),(193,_binary '',_binary '','eyJhbGciOiJIUzI1NiJ9.eyJzdWIiOiJhZG1pbkBnbWFpbC5jb20iLCJpYXQiOjE3MTU3ODU1MjksImV4cCI6MTcxNTc4NTgyOX0.wODbMGaKDHsl8EtdcDcH5QleudUBvtDVGjlIynIn1GM','BEARER',2),(194,_binary '',_binary '','eyJhbGciOiJIUzI1NiJ9.eyJzdWIiOiJhZG1pbkBnbWFpbC5jb20iLCJpYXQiOjE3MTU3ODU1NDEsImV4cCI6MTcxNTc4NTg0MX0.iyq3dRSCTBZJ1Ls0MsGYKPnZbHopG55CG__8Ff8OGuE','BEARER',2),(195,_binary '',_binary '','eyJhbGciOiJIUzI1NiJ9.eyJzdWIiOiJhZG1pbkBnbWFpbC5jb20iLCJpYXQiOjE3MTU3ODU3MjEsImV4cCI6MTcxNTc4NjAyMX0.MDbdsZxejMNOSYSrAZDKbaKS4eRk8CF4AbK1tYaGSS4','BEARER',2),(196,_binary '',_binary '','eyJhbGciOiJIUzI1NiJ9.eyJzdWIiOiJhZG1pbkBnbWFpbC5jb20iLCJpYXQiOjE3MTU3ODU4ODUsImV4cCI6MTcxNTc4NjE4NX0.T-d1FHVxNMKinjl7MyeEOq80aEh0hAdRm-XnNwCUX2A','BEARER',2),(197,_binary '',_binary '','eyJhbGciOiJIUzI1NiJ9.eyJzdWIiOiJhZG1pbkBnbWFpbC5jb20iLCJpYXQiOjE3MTU3ODU4ODYsImV4cCI6MTcxNTc4NjE4Nn0.48kDAtdfRvONO43k8-aRa7Va6dJtWKrdzP4maIHlDBE','BEARER',2),(198,_binary '',_binary '','eyJhbGciOiJIUzI1NiJ9.eyJzdWIiOiJhZG1pbkBnbWFpbC5jb20iLCJpYXQiOjE3MTU3ODYwNjYsImV4cCI6MTcxNTc4NjM2Nn0.1rzsWX6No4xXdCsAA8Qs-ZSxj47EojRDU0TnmWilP2g','BEARER',2),(199,_binary '',_binary '','eyJhbGciOiJIUzI1NiJ9.eyJzdWIiOiJhZG1pbkBnbWFpbC5jb20iLCJpYXQiOjE3MTU3ODYyNDYsImV4cCI6MTcxNTc4NjU0Nn0.THv-KgKAyAofbbJcfhDCl3_MOAzVz5O0ivv3rNvx-jU','BEARER',2),(200,_binary '',_binary '','eyJhbGciOiJIUzI1NiJ9.eyJzdWIiOiJhZG1pbkBnbWFpbC5jb20iLCJpYXQiOjE3MTU3ODY0MjcsImV4cCI6MTcxNTc4NjcyN30.U5jlkB6IJAtNU2ibmFkkmNibFni8g4XdFBAaFbrvtYk','BEARER',2),(201,_binary '',_binary '','eyJhbGciOiJIUzI1NiJ9.eyJzdWIiOiJhZG1pbkBnbWFpbC5jb20iLCJpYXQiOjE3MTU4MjI2NTcsImV4cCI6MTcxNTgyMjk1N30.W9cm6Q3ChEExx83A5_RL1nDIdBIaGhF44CkTWX8YEBc','BEARER',2),(202,_binary '',_binary '','eyJhbGciOiJIUzI1NiJ9.eyJzdWIiOiJhZG1pbkBnbWFpbC5jb20iLCJpYXQiOjE3MTU4MjI2NTksImV4cCI6MTcxNTgyMjk1OX0.7sIH-9SFN9V-r9WuiZ7VCZP49H2xH3xECwhi268DGRU','BEARER',2),(203,_binary '',_binary '','eyJhbGciOiJIUzI1NiJ9.eyJzdWIiOiJhZG1pbkBnbWFpbC5jb20iLCJpYXQiOjE3MTU4MjI4NDAsImV4cCI6MTcxNTgyMzE0MH0.ALpMrM2rdfbuIeiH-xRWsiQEJX8uvejWvh0wHceUxxI','BEARER',2),(204,_binary '',_binary '','eyJhbGciOiJIUzI1NiJ9.eyJzdWIiOiJhZG1pbkBnbWFpbC5jb20iLCJpYXQiOjE3MTU4MjMxMDQsImV4cCI6MTcxNTgyMzQwNH0.AncUID4zai_zYy3z6uzOCNDBnwVD_ixMDFjBVXsLfQQ','BEARER',2),(205,_binary '',_binary '','eyJhbGciOiJIUzI1NiJ9.eyJzdWIiOiJhZG1pbkBnbWFpbC5jb20iLCJpYXQiOjE3MTU4MjMxMTgsImV4cCI6MTcxNTgyMzQxOH0.IMkkpoI9ztcrxHzbEtLuTNtvkDiwlo4uvZV4ASPkn3E','BEARER',2),(206,_binary '',_binary '','eyJhbGciOiJIUzI1NiJ9.eyJzdWIiOiJhZG1pbkBnbWFpbC5jb20iLCJpYXQiOjE3MTU4MjMzMDEsImV4cCI6MTcxNTgyMzYwMX0.Vw72tGJMr4CKVriTpb7JOaVUBLl0bbwpn5Uxvy2gd4M','BEARER',2),(207,_binary '',_binary '','eyJhbGciOiJIUzI1NiJ9.eyJzdWIiOiJhZG1pbkBnbWFpbC5jb20iLCJpYXQiOjE3MTU4MjMzNDgsImV4cCI6MTcxNTgyMzY0OH0.DUdZgQaH7l9_BwxmhV4CQMLm1otalRvw43FOUQr2wYo','BEARER',2),(208,_binary '',_binary '','eyJhbGciOiJIUzI1NiJ9.eyJzdWIiOiJhZG1pbkBnbWFpbC5jb20iLCJpYXQiOjE3MTU4MjM0MzgsImV4cCI6MTcxNTgyMzczOH0.KuT6SzkcSS0tjIzGaBL9bcEbUYwQfoy30h9w52-5_y4','BEARER',2),(209,_binary '',_binary '','eyJhbGciOiJIUzI1NiJ9.eyJzdWIiOiJhZG1pbkBnbWFpbC5jb20iLCJpYXQiOjE3MTU4MjM2MTksImV4cCI6MTcxNTgyMzkxOX0.4r2wEmcqa2IGfghu2htJ79I-2Esb2ldUf85iBUsZsJ4','BEARER',2),(210,_binary '',_binary '','eyJhbGciOiJIUzI1NiJ9.eyJzdWIiOiJhZG1pbkBnbWFpbC5jb20iLCJpYXQiOjE3MTU4MjM2MjUsImV4cCI6MTcxNTgyMzkyNX0.0KXSphq620SYjnzH1e8zsi4aGq1kcwBiGQQYaKKiFhE','BEARER',2),(211,_binary '',_binary '','eyJhbGciOiJIUzI1NiJ9.eyJzdWIiOiJhZG1pbkBnbWFpbC5jb20iLCJpYXQiOjE3MTU4MjM2MzgsImV4cCI6MTcxNTgyMzkzOH0.hGIi806FIZ1BcUXrci05YV6a6ABs3VdoHrHjhVNM3lI','BEARER',2),(212,_binary '',_binary '','eyJhbGciOiJIUzI1NiJ9.eyJzdWIiOiJhZG1pbkBnbWFpbC5jb20iLCJpYXQiOjE3MTU4MjM3MjcsImV4cCI6MTcxNTgyNDAyN30.xUOVDOIhWxIgQA8fIlGPFlBWUF61nhgitUBrwHKL1qA','BEARER',2),(213,_binary '',_binary '','eyJhbGciOiJIUzI1NiJ9.eyJzdWIiOiJhZG1pbkBnbWFpbC5jb20iLCJpYXQiOjE3MTU4MjM3NTIsImV4cCI6MTcxNTgyNDA1Mn0.96ZV7nyU3omSM5UuYtk5GAKJr4Rdib8CSKTSXjAK0xk','BEARER',2),(214,_binary '',_binary '','eyJhbGciOiJIUzI1NiJ9.eyJzdWIiOiJhZG1pbkBnbWFpbC5jb20iLCJpYXQiOjE3MTU4MjM3ODcsImV4cCI6MTcxNTgyNDA4N30.g3EwQ2V1t7fBi8DExp10ezASPC9--YpR4H1hV9Yzbzo','BEARER',2),(215,_binary '',_binary '','eyJhbGciOiJIUzI1NiJ9.eyJzdWIiOiJhZG1pbkBnbWFpbC5jb20iLCJpYXQiOjE3MTU4MjM4MDMsImV4cCI6MTcxNTgyNDEwM30.Zoe0NaI4b5FjC12hVpgwUJ2J_rDNPdQK3XQgcEaY_rc','BEARER',2),(216,_binary '',_binary '','eyJhbGciOiJIUzI1NiJ9.eyJzdWIiOiJhZG1pbkBnbWFpbC5jb20iLCJpYXQiOjE3MTU4MjM4MDYsImV4cCI6MTcxNTgyNDEwNn0.fokLY0dGHuBn2E4hKTj8bia7tg0u4aIb0ADBsxpKH7Y','BEARER',2),(217,_binary '',_binary '','eyJhbGciOiJIUzI1NiJ9.eyJzdWIiOiJhZG1pbkBnbWFpbC5jb20iLCJpYXQiOjE3MTU4MjM4MTQsImV4cCI6MTcxNTgyNDExNH0.xIyoG4TFfU26udVpPNZgX9TcTvljt5JybZM89WNqp7Q','BEARER',2),(218,_binary '',_binary '','eyJhbGciOiJIUzI1NiJ9.eyJzdWIiOiJhZG1pbkBnbWFpbC5jb20iLCJpYXQiOjE3MTU4MjM4MjksImV4cCI6MTcxNTgyNDEyOX0.yMH1_IxSmcL9pdbr3fyQ43N81WF7nJZe868tCf5xwZA','BEARER',2),(219,_binary '',_binary '','eyJhbGciOiJIUzI1NiJ9.eyJzdWIiOiJhZG1pbkBnbWFpbC5jb20iLCJpYXQiOjE3MTU4MjM4MzgsImV4cCI6MTcxNTgyNDEzOH0.9fQZOSaKQBvUNljIB05zt5muMlvjPLj_LnokR8e3GL0','BEARER',2),(220,_binary '',_binary '','eyJhbGciOiJIUzI1NiJ9.eyJzdWIiOiJhZG1pbkBnbWFpbC5jb20iLCJpYXQiOjE3MTU4MjM5ODUsImV4cCI6MTcxNTgyNDI4NX0.-I-QV9Y4aWXR_MPle5piPK9MXSDFzcqJ1DDQxmV5DHM','BEARER',2),(221,_binary '',_binary '','eyJhbGciOiJIUzI1NiJ9.eyJzdWIiOiJhZG1pbkBnbWFpbC5jb20iLCJpYXQiOjE3MTU4MjQxMzksImV4cCI6MTcxNTgyNDQzOX0.iGXnyNueUU0RD1gEe2K0AJI7GIvwtMDzl6pOtDtVtZM','BEARER',2),(222,_binary '',_binary '','eyJhbGciOiJIUzI1NiJ9.eyJzdWIiOiJhZG1pbkBnbWFpbC5jb20iLCJpYXQiOjE3MTU4MjQxNDcsImV4cCI6MTcxNTgyNDQ0N30.4ioFSbds_LfDgjkblaE6YnywPNBk0lQowHQh9Zy25IA','BEARER',2),(223,_binary '',_binary '','eyJhbGciOiJIUzI1NiJ9.eyJzdWIiOiJhZG1pbkBnbWFpbC5jb20iLCJpYXQiOjE3MTU4MjQxNzIsImV4cCI6MTcxNTgyNDQ3Mn0.PwCF-Ye8zuxif2X_WwlNkNYUhhVzborv8PMthr9WAW4','BEARER',2),(224,_binary '',_binary '','eyJhbGciOiJIUzI1NiJ9.eyJzdWIiOiJhZG1pbkBnbWFpbC5jb20iLCJpYXQiOjE3MTU4MjQxNzcsImV4cCI6MTcxNTgyNDQ3N30.tz9tOveSzgyynT8zw4UJXH7VFJXK8jP-b6HK0R1X1EU','BEARER',2),(225,_binary '',_binary '','eyJhbGciOiJIUzI1NiJ9.eyJzdWIiOiJhZG1pbkBnbWFpbC5jb20iLCJpYXQiOjE3MTU4MjQxNzksImV4cCI6MTcxNTgyNDQ3OX0.VhZHtsHVs_UQueaybADvGyxEe5gl1bTpLaZyGXL7zVs','BEARER',2),(226,_binary '',_binary '','eyJhbGciOiJIUzI1NiJ9.eyJzdWIiOiJhZG1pbkBnbWFpbC5jb20iLCJpYXQiOjE3MTU4MjQxODMsImV4cCI6MTcxNTgyNDQ4M30.Pm_XhLR3vrsr6W0Ux4opK2EBZQs_ZRGixWjxBdg0VlI','BEARER',2),(227,_binary '',_binary '','eyJhbGciOiJIUzI1NiJ9.eyJzdWIiOiJhZG1pbkBnbWFpbC5jb20iLCJpYXQiOjE3MTU4MjQzMDMsImV4cCI6MTcxNTgyNDYwM30.JpCwavbLHAo1UhfiX8-Q3pz10CaXyapxXxpHi2hrg_k','BEARER',2),(228,_binary '',_binary '','eyJhbGciOiJIUzI1NiJ9.eyJzdWIiOiJhZG1pbkBnbWFpbC5jb20iLCJpYXQiOjE3MTU4MjQzNDQsImV4cCI6MTcxNTgyNDY0NH0.1sbVKE2JbTblgfA_HtBo_KjkVOUC9jOvFs55m-prQ_E','BEARER',2),(229,_binary '',_binary '','eyJhbGciOiJIUzI1NiJ9.eyJzdWIiOiJhZG1pbkBnbWFpbC5jb20iLCJpYXQiOjE3MTU4MjQzODIsImV4cCI6MTcxNTgyNDY4Mn0.ctqEUIlPvDqF_QTqrA6GcltlQBOuvSWiy68iWlpGq4I','BEARER',2),(230,_binary '',_binary '','eyJhbGciOiJIUzI1NiJ9.eyJzdWIiOiJhZG1pbkBnbWFpbC5jb20iLCJpYXQiOjE3MTU4MjQ0MjcsImV4cCI6MTcxNTgyNDcyN30.B8KpbtDpQtA7GbbRIjpIGnd9lZ3F7cpCxerlWEAoCt8','BEARER',2),(231,_binary '',_binary '','eyJhbGciOiJIUzI1NiJ9.eyJzdWIiOiJhZG1pbkBnbWFpbC5jb20iLCJpYXQiOjE3MTU4MjQ1MDQsImV4cCI6MTcxNTgyNDgwNH0.hqbfapAsuGjn4ftHLegN7XqiTxrc4yOHgF74t3jq9-c','BEARER',2),(232,_binary '',_binary '','eyJhbGciOiJIUzI1NiJ9.eyJzdWIiOiJhZG1pbkBnbWFpbC5jb20iLCJpYXQiOjE3MTU4MjQ2MDgsImV4cCI6MTcxNTgyNDkwOH0.Ra9SkXBFQAxM_FRVUSzQj2eErFedK1_kiGY5_IqnRgc','BEARER',2),(233,_binary '',_binary '','eyJhbGciOiJIUzI1NiJ9.eyJzdWIiOiJhZG1pbkBnbWFpbC5jb20iLCJpYXQiOjE3MTU4MjQ3ODgsImV4cCI6MTcxNTgyNTA4OH0.sebeMLxA1g_z02_7b8kny6UxLW2UeaF85jSFQvvvjU0','BEARER',2),(234,_binary '',_binary '','eyJhbGciOiJIUzI1NiJ9.eyJzdWIiOiJhZG1pbkBnbWFpbC5jb20iLCJpYXQiOjE3MTU4MzUwNDcsImV4cCI6MTcxNTgzNTM0N30.2TTHOh-4QnFASRX-V8xkoCzJTac0MIaVn6WsTj-5Hvo','BEARER',2),(235,_binary '',_binary '','eyJhbGciOiJIUzI1NiJ9.eyJzdWIiOiJhZG1pbkBnbWFpbC5jb20iLCJpYXQiOjE3MTU4MzUwODgsImV4cCI6MTcxNTgzNTM4OH0.DTVBZS_GP0YSvKDwN-HOWfpxHCjSSpley8Syx6biIrk','BEARER',2),(236,_binary '',_binary '','eyJhbGciOiJIUzI1NiJ9.eyJzdWIiOiJhZG1pbkBnbWFpbC5jb20iLCJpYXQiOjE3MTU4MzUxNDgsImV4cCI6MTcxNTgzNTQ0OH0.DKz0FD_eOaiW7tGA5rjpkCHFNIARUXuyZBfqcEPGWvA','BEARER',2),(237,_binary '',_binary '','eyJhbGciOiJIUzI1NiJ9.eyJzdWIiOiJhZG1pbkBnbWFpbC5jb20iLCJpYXQiOjE3MTU4MzUyNTEsImV4cCI6MTcxNTgzNTU1MX0.tZigPlkDnfa3sCPF3srdwu4IOeWP2DMsXCsT9uJn4PM','BEARER',2),(238,_binary '',_binary '','eyJhbGciOiJIUzI1NiJ9.eyJzdWIiOiJhZG1pbkBnbWFpbC5jb20iLCJpYXQiOjE3MTU4MzUyODUsImV4cCI6MTcxNTgzNTU4NX0.cZkCL5__T5ynJEzUkZnsamUvlJ01dNnrHo8Pua3bz9s','BEARER',2),(239,_binary '',_binary '','eyJhbGciOiJIUzI1NiJ9.eyJzdWIiOiJhZG1pbkBnbWFpbC5jb20iLCJpYXQiOjE3MTU4MzUzMDcsImV4cCI6MTcxNTgzNTYwN30.LZ09p6aCcv0LPHwtPDA1sV9Gq22XlD6JLS1SfohtUM0','BEARER',2),(240,_binary '',_binary '','eyJhbGciOiJIUzI1NiJ9.eyJzdWIiOiJhZG1pbkBnbWFpbC5jb20iLCJpYXQiOjE3MTU4MzUzMjQsImV4cCI6MTcxNTgzNTYyNH0.7JO69gCjRlDw7qb9EyqaruQOZ60cUoV6DnkpkdqBeiE','BEARER',2),(241,_binary '',_binary '','eyJhbGciOiJIUzI1NiJ9.eyJzdWIiOiJhZG1pbkBnbWFpbC5jb20iLCJpYXQiOjE3MTU4MzUzMzIsImV4cCI6MTcxNTgzNTYzMn0.bWOd4h7obedlrZjTYNECUTuh14X77oJYqP3Ni3xiim0','BEARER',2),(242,_binary '',_binary '','eyJhbGciOiJIUzI1NiJ9.eyJzdWIiOiJhZG1pbkBnbWFpbC5jb20iLCJpYXQiOjE3MTU4MzUzNTAsImV4cCI6MTcxNTgzNTY1MH0.VsoElIamkqJinkTLw0R0xsnJ4SroUGvX_yWOhD_9BCY','BEARER',2),(243,_binary '',_binary '','eyJhbGciOiJIUzI1NiJ9.eyJzdWIiOiJhZG1pbkBnbWFpbC5jb20iLCJpYXQiOjE3MTU4MzU1MzAsImV4cCI6MTcxNTgzNTgzMH0.ltj2Tqhb_ZyTFF6M2ZbWIQ_VjDxM1XMEpCRlR-uVAMo','BEARER',2),(244,_binary '',_binary '','eyJhbGciOiJIUzI1NiJ9.eyJzdWIiOiJhZG1pbkBnbWFpbC5jb20iLCJpYXQiOjE3MTU4MzU3MTAsImV4cCI6MTcxNTgzNjAxMH0.o_HoxoIyRXZ9zjKCGIP_MWegex3lY3PZRKLV33EcWFA','BEARER',2),(245,_binary '',_binary '','eyJhbGciOiJIUzI1NiJ9.eyJzdWIiOiJhZG1pbkBnbWFpbC5jb20iLCJpYXQiOjE3MTU4MzU4MTgsImV4cCI6MTcxNTgzNjExOH0.SuV3JfQfrxW5VopsZ9IgEFKX0ZKuWlvHgo5pmV49GoY','BEARER',2),(246,_binary '',_binary '','eyJhbGciOiJIUzI1NiJ9.eyJzdWIiOiJhZG1pbkBnbWFpbC5jb20iLCJpYXQiOjE3MTU4MzU4MzcsImV4cCI6MTcxNTgzNjEzN30.lW9r7SROS1Zs8vyVIKXV71hlA7yMJUEAy6DqaVS9hsE','BEARER',2),(247,_binary '',_binary '','eyJhbGciOiJIUzI1NiJ9.eyJzdWIiOiJhZG1pbkBnbWFpbC5jb20iLCJpYXQiOjE3MTU4MzU5MDgsImV4cCI6MTcxNTgzNjIwOH0.HlLbpcfrD1F28x5rlHQt6wpvEeETjGHDkpqDixmO5XQ','BEARER',2),(248,_binary '',_binary '','eyJhbGciOiJIUzI1NiJ9.eyJzdWIiOiJhZG1pbkBnbWFpbC5jb20iLCJpYXQiOjE3MTU4MzYwMTUsImV4cCI6MTcxNTgzNjMxNX0.SY1ult-Cb8PCq67xEAXc6Npon9zPpQcrOuZs2eNnB4I','BEARER',2),(249,_binary '',_binary '','eyJhbGciOiJIUzI1NiJ9.eyJzdWIiOiJhZG1pbkBnbWFpbC5jb20iLCJpYXQiOjE3MTU4MzYwMzksImV4cCI6MTcxNTgzNjMzOX0.NhWibrxP7QNBb2DDAVEL9C0HpkupMg5Q-5TuA_rhWjQ','BEARER',2),(250,_binary '',_binary '','eyJhbGciOiJIUzI1NiJ9.eyJzdWIiOiJhZG1pbkBnbWFpbC5jb20iLCJpYXQiOjE3MTU4MzYxMDQsImV4cCI6MTcxNTgzNjQwNH0.QovtTVWdEd8c8cBcj4U57IctbWIg8l6UXVPJmM1VhUw','BEARER',2),(251,_binary '',_binary '','eyJhbGciOiJIUzI1NiJ9.eyJzdWIiOiJhZG1pbkBnbWFpbC5jb20iLCJpYXQiOjE3MTU4MzYyMjMsImV4cCI6MTcxNTgzNjUyM30.upstrKaPzUUAUWQml21TmkPRbxDhGgdkussmkzKG11E','BEARER',2),(252,_binary '',_binary '','eyJhbGciOiJIUzI1NiJ9.eyJzdWIiOiJhZG1pbkBnbWFpbC5jb20iLCJpYXQiOjE3MTU4MzYyMjksImV4cCI6MTcxNTgzNjUyOX0.uEyqbX0g2xHC2iG0iF-RnNf9OkKwEGmfnKQh9cqA2Ok','BEARER',2),(253,_binary '',_binary '','eyJhbGciOiJIUzI1NiJ9.eyJzdWIiOiJhZG1pbkBnbWFpbC5jb20iLCJpYXQiOjE3MTU4MzYyNTksImV4cCI6MTcxNTgzNjU1OX0.85abZsgsewS4fdaCpkw3mmnzO4scWIUj2pZyhelZoyI','BEARER',2),(254,_binary '',_binary '','eyJhbGciOiJIUzI1NiJ9.eyJzdWIiOiJhZG1pbkBnbWFpbC5jb20iLCJpYXQiOjE3MTU4MzYyNjgsImV4cCI6MTcxNTgzNjU2OH0.pfRPZpG6PScuWBLfPhis_dbHJljeZnK0G0IrksSGfmE','BEARER',2),(255,_binary '',_binary '','eyJhbGciOiJIUzI1NiJ9.eyJzdWIiOiJhZG1pbkBnbWFpbC5jb20iLCJpYXQiOjE3MTU4MzYyODEsImV4cCI6MTcxNTgzNjU4MX0.18kbi2OyxhnANBJuXUBk635QJHVSxayTlOQyrS5npBY','BEARER',2),(256,_binary '',_binary '','eyJhbGciOiJIUzI1NiJ9.eyJzdWIiOiJhZG1pbkBnbWFpbC5jb20iLCJpYXQiOjE3MTU4MzYyOTUsImV4cCI6MTcxNTgzNjU5NX0.lNNg6CIZxAbO4eKGSc7aB2wqRAneipzd0h0-FK-ratU','BEARER',2),(257,_binary '',_binary '','eyJhbGciOiJIUzI1NiJ9.eyJzdWIiOiJhZG1pbkBnbWFpbC5jb20iLCJpYXQiOjE3MTU4MzY0MTQsImV4cCI6MTcxNTgzNjcxNH0.j53OUXb2ogEqHTKhxBh97o_bx_bcwyR_XHuEHCIYzpQ','BEARER',2),(258,_binary '',_binary '','eyJhbGciOiJIUzI1NiJ9.eyJzdWIiOiJhZG1pbkBnbWFpbC5jb20iLCJpYXQiOjE3MTU4MzY1OTQsImV4cCI6MTcxNTgzNjg5NH0.jZ8oIyUuBcIipzkPttEvXiHqKtBbHMro-2LzCdT2QBs','BEARER',2),(259,_binary '',_binary '','eyJhbGciOiJIUzI1NiJ9.eyJzdWIiOiJhZG1pbkBnbWFpbC5jb20iLCJpYXQiOjE3MTU4MzY3MzIsImV4cCI6MTcxNTgzNzAzMn0.NyAbjivW72PLpXVz3tZWKQ3B_LM35RiYd0OnBsWsrsY','BEARER',2),(260,_binary '',_binary '','eyJhbGciOiJIUzI1NiJ9.eyJzdWIiOiJhZG1pbkBnbWFpbC5jb20iLCJpYXQiOjE3MTU4MzY3OTIsImV4cCI6MTcxNTgzNzA5Mn0.1N9WZIQqyt4H4irLSw2G6XwAiyvGeefGQVX2_0L2h40','BEARER',2),(261,_binary '',_binary '','eyJhbGciOiJIUzI1NiJ9.eyJzdWIiOiJhZG1pbkBnbWFpbC5jb20iLCJpYXQiOjE3MTU4MzY4MTksImV4cCI6MTcxNTgzNzExOX0.p73NxTzN9FoHaCGaZd5sMxNK26jSyort5AS1O7ye07w','BEARER',2),(262,_binary '',_binary '','eyJhbGciOiJIUzI1NiJ9.eyJzdWIiOiJhZG1pbkBnbWFpbC5jb20iLCJpYXQiOjE3MTU4MzY4MjksImV4cCI6MTcxNTgzNzEyOX0.iHT4_3lZM6vF0BvDuYq-SA_7AezvHgNXjY28RxQBJ5c','BEARER',2),(263,_binary '',_binary '','eyJhbGciOiJIUzI1NiJ9.eyJzdWIiOiJhZG1pbkBnbWFpbC5jb20iLCJpYXQiOjE3MTU4MzY4NTIsImV4cCI6MTcxNTgzNzE1Mn0.SrTsqQxOqNN_lUo2G1c-O1RC8xhSkJnkKdtvV4d_5eI','BEARER',2),(264,_binary '',_binary '','eyJhbGciOiJIUzI1NiJ9.eyJzdWIiOiJhZG1pbkBnbWFpbC5jb20iLCJpYXQiOjE3MTU4MzY4NTgsImV4cCI6MTcxNTgzNzE1OH0.ybnvXKJvJ6fBCw6Z_CtPA9jHx3BrWjsQvsGIu2dSjiU','BEARER',2),(265,_binary '',_binary '','eyJhbGciOiJIUzI1NiJ9.eyJzdWIiOiJhZG1pbkBnbWFpbC5jb20iLCJpYXQiOjE3MTU4MzY4ODksImV4cCI6MTcxNTgzNzE4OX0.iNSFkIOnLUutU9rDNNWpdqSG1SjqmQ7_lDJ5tMPdBj0','BEARER',2),(266,_binary '',_binary '','eyJhbGciOiJIUzI1NiJ9.eyJzdWIiOiJhZG1pbkBnbWFpbC5jb20iLCJpYXQiOjE3MTU4MzY5MTMsImV4cCI6MTcxNTgzNzIxM30.HrLcrqnWRAUXIm6ZRTWLNXfunGvw64BjOZo9qplQ1gU','BEARER',2),(267,_binary '',_binary '','eyJhbGciOiJIUzI1NiJ9.eyJzdWIiOiJhZG1pbkBnbWFpbC5jb20iLCJpYXQiOjE3MTU4NTA5MzAsImV4cCI6MTcxNTg1MTIzMH0.yO9BBXylOkBWeMFZD8g2iWDX7xp-P9TUUb8NzXl3Y60','BEARER',2),(268,_binary '',_binary '','eyJhbGciOiJIUzI1NiJ9.eyJzdWIiOiJhZG1pbkBnbWFpbC5jb20iLCJpYXQiOjE3MTU4NTA5MzIsImV4cCI6MTcxNTg1MTIzMn0.tCS6f6Z33fIufiF9aLt3XYhPxEGNfz0hYaNNkziBVZ0','BEARER',2),(269,_binary '',_binary '','eyJhbGciOiJIUzI1NiJ9.eyJzdWIiOiJhZG1pbkBnbWFpbC5jb20iLCJpYXQiOjE3MTU4NTEwNjcsImV4cCI6MTcxNTg1MTM2N30.yRKI9-ws13KTa3N68U3h4-9vvpE5kI-LToYJBpd7GlU','BEARER',2),(270,_binary '',_binary '','eyJhbGciOiJIUzI1NiJ9.eyJzdWIiOiJhZG1pbkBnbWFpbC5jb20iLCJpYXQiOjE3MTU4NTExMTMsImV4cCI6MTcxNTg1MTQxM30.4HLR2_JG9-Jn3MbGR1kI0IaHpOnvOF7cAjE5MKR-4kQ','BEARER',2),(271,_binary '',_binary '','eyJhbGciOiJIUzI1NiJ9.eyJzdWIiOiJhZG1pbkBnbWFpbC5jb20iLCJpYXQiOjE3MTU4NTExNzIsImV4cCI6MTcxNTg1MTQ3Mn0.yNoqD7mUlQ6ji-Br9V0JjkOpsqUX8q9zKBcw5ofLbRs','BEARER',2),(272,_binary '',_binary '','eyJhbGciOiJIUzI1NiJ9.eyJzdWIiOiJhZG1pbkBnbWFpbC5jb20iLCJpYXQiOjE3MTU4NTEyMjAsImV4cCI6MTcxNTg1MTUyMH0.3Q8CeDWntZOTjmC1Zkz58UMz8Oyl45-jYuzUp4HRY9Q','BEARER',2),(273,_binary '',_binary '','eyJhbGciOiJIUzI1NiJ9.eyJzdWIiOiJhZG1pbkBnbWFpbC5jb20iLCJpYXQiOjE3MTU4NTEyMzQsImV4cCI6MTcxNTg1MTUzNH0.XCIVqqf47jU9IyaEqvFWukrB5TE2_Jr_Ciz81iSGmR8','BEARER',2),(274,_binary '',_binary '','eyJhbGciOiJIUzI1NiJ9.eyJzdWIiOiJhZG1pbkBnbWFpbC5jb20iLCJpYXQiOjE3MTU4NTEyOTgsImV4cCI6MTcxNTg1MTU5OH0.l-VAS4oTUtI22En8Uxw7Kv2bvUagnXuvOKc_KaEExfU','BEARER',2),(275,_binary '',_binary '','eyJhbGciOiJIUzI1NiJ9.eyJzdWIiOiJhZG1pbkBnbWFpbC5jb20iLCJpYXQiOjE3MTU4NTEzMzMsImV4cCI6MTcxNTg1MTYzM30.WPFjEZx8Kis5H7v68vhMlLAHRpdBE2q9ZQZCEiaPXos','BEARER',2),(276,_binary '',_binary '','eyJhbGciOiJIUzI1NiJ9.eyJzdWIiOiJhZG1pbkBnbWFpbC5jb20iLCJpYXQiOjE3MTU4NTEzNjEsImV4cCI6MTcxNTg1MTY2MX0.JqZp4thx5L5smv19jnYL9QpJHebA9AMXk1_Z8Rf0ZPU','BEARER',2),(277,_binary '',_binary '','eyJhbGciOiJIUzI1NiJ9.eyJzdWIiOiJhZG1pbkBnbWFpbC5jb20iLCJpYXQiOjE3MTU4NTEzNzMsImV4cCI6MTcxNTg1MTY3M30.seSbBFgoX_6-KtqJVKfxXOvU8dCh0-d2i7zFonIK594','BEARER',2),(278,_binary '',_binary '','eyJhbGciOiJIUzI1NiJ9.eyJzdWIiOiJhZG1pbkBnbWFpbC5jb20iLCJpYXQiOjE3MTU4NTEzODgsImV4cCI6MTcxNTg1MTY4OH0.37ttjC3EGgNftMAw1BFdVGPIfvr4UXA9egOzAmltM7c','BEARER',2),(279,_binary '',_binary '','eyJhbGciOiJIUzI1NiJ9.eyJzdWIiOiJhZG1pbkBnbWFpbC5jb20iLCJpYXQiOjE3MTU4NTEzOTQsImV4cCI6MTcxNTg1MTY5NH0.PidBR4QwiqBM29dIrlmW8VPnPINOt2q3CbXlQbxIJIo','BEARER',2),(280,_binary '',_binary '','eyJhbGciOiJIUzI1NiJ9.eyJzdWIiOiJhZG1pbkBnbWFpbC5jb20iLCJpYXQiOjE3MTU4NTE0MTQsImV4cCI6MTcxNTg1MTcxNH0.iuszctbM_5pTwlqQIU_fngbDdm5C02L3l3PhrfXeyUY','BEARER',2),(281,_binary '',_binary '','eyJhbGciOiJIUzI1NiJ9.eyJzdWIiOiJhZG1pbkBnbWFpbC5jb20iLCJpYXQiOjE3MTU4NTE0MjEsImV4cCI6MTcxNTg1MTcyMX0.F5NnnTngmbDIbtvJh4dK_nxE8lT1fhf-igy2_QjGZGY','BEARER',2),(282,_binary '',_binary '','eyJhbGciOiJIUzI1NiJ9.eyJzdWIiOiJhZG1pbkBnbWFpbC5jb20iLCJpYXQiOjE3MTU4NTE0MjYsImV4cCI6MTcxNTg1MTcyNn0.9uh4zZ7ePFK9p2v9pAZ6ulK0zWd6QIU6NbMz1suvHJw','BEARER',2),(283,_binary '',_binary '','eyJhbGciOiJIUzI1NiJ9.eyJzdWIiOiJhZG1pbkBnbWFpbC5jb20iLCJpYXQiOjE3MTU4NTE0NDYsImV4cCI6MTcxNTg1MTc0Nn0.OqC0OxJcmY5kW9n_xxD3B4MZDSIyiEN7mdl0hBhJQVU','BEARER',2),(284,_binary '',_binary '','eyJhbGciOiJIUzI1NiJ9.eyJzdWIiOiJhZG1pbkBnbWFpbC5jb20iLCJpYXQiOjE3MTU4NTE1MjcsImV4cCI6MTcxNTg1MTgyN30.E5uUW79nuQEvGHHM5MIhY8g8KE3hLYqm0ThyBAhAVh4','BEARER',2),(285,_binary '',_binary '','eyJhbGciOiJIUzI1NiJ9.eyJzdWIiOiJhZG1pbkBnbWFpbC5jb20iLCJpYXQiOjE3MTU4NTE1NTksImV4cCI6MTcxNTg1MTg1OX0.Ud6uyuyIjgOlJyYc_fSf41_tJxNQ9iBXcNdnrzWgUP4','BEARER',2),(286,_binary '',_binary '','eyJhbGciOiJIUzI1NiJ9.eyJzdWIiOiJhZG1pbkBnbWFpbC5jb20iLCJpYXQiOjE3MTU4NTE1OTMsImV4cCI6MTcxNTg1MTg5M30.M47CNhhGW6Ss2D8wsWYZ7z5N8tq-SxCXsz_K5m8rCEE','BEARER',2),(287,_binary '',_binary '','eyJhbGciOiJIUzI1NiJ9.eyJzdWIiOiJhZG1pbkBnbWFpbC5jb20iLCJpYXQiOjE3MTU4NTE2NTgsImV4cCI6MTcxNTg1MTk1OH0.kVWlCBjatHZ-j1FGATEo1ffs2gQVxLChclBCnaDXaZ8','BEARER',2),(288,_binary '',_binary '','eyJhbGciOiJIUzI1NiJ9.eyJzdWIiOiJhZG1pbkBnbWFpbC5jb20iLCJpYXQiOjE3MTU4NTE2NjIsImV4cCI6MTcxNTg1MTk2Mn0.hY4WzKMFbXssezc9hiXontRM9gU5HMgYf3wI_cloM04','BEARER',2),(289,_binary '',_binary '','eyJhbGciOiJIUzI1NiJ9.eyJzdWIiOiJhZG1pbkBnbWFpbC5jb20iLCJpYXQiOjE3MTU4NTE2ODIsImV4cCI6MTcxNTg1MTk4Mn0.Qm0etfZlBWJrFqgRhEsguwUzdhmNgtugaBBA28mN0aw','BEARER',2),(290,_binary '',_binary '','eyJhbGciOiJIUzI1NiJ9.eyJzdWIiOiJhZG1pbkBnbWFpbC5jb20iLCJpYXQiOjE3MTU4NTE3MDgsImV4cCI6MTcxNTg1MjAwOH0.JEFj3lzXr9Ph4wJ-JI1PHS7Lr_PHal9Aml6RZcpbgnA','BEARER',2),(291,_binary '',_binary '','eyJhbGciOiJIUzI1NiJ9.eyJzdWIiOiJhZG1pbkBnbWFpbC5jb20iLCJpYXQiOjE3MTU4NTE3MTAsImV4cCI6MTcxNTg1MjAxMH0.eZmSb43-j-pElL-LqwYWIxx7wceDSrYi0XzdAPtt2n4','BEARER',2),(292,_binary '',_binary '','eyJhbGciOiJIUzI1NiJ9.eyJzdWIiOiJhZG1pbkBnbWFpbC5jb20iLCJpYXQiOjE3MTU4NTE3MjIsImV4cCI6MTcxNTg1MjAyMn0.fRVpqj0Bb82KQAK91GThlKgMPmZh5g5VLmxGllmDfTk','BEARER',2),(293,_binary '',_binary '','eyJhbGciOiJIUzI1NiJ9.eyJzdWIiOiJhZG1pbkBnbWFpbC5jb20iLCJpYXQiOjE3MTU4NTE3MjQsImV4cCI6MTcxNTg1MjAyNH0.LB6hKxjdaqmvQ65hrxgkOYn6CfnebBQmcy6hAG9568o','BEARER',2),(294,_binary '',_binary '','eyJhbGciOiJIUzI1NiJ9.eyJzdWIiOiJhZG1pbkBnbWFpbC5jb20iLCJpYXQiOjE3MTU4NTE4MzcsImV4cCI6MTcxNTg1MjEzN30.6uLNki4uLL3Wje7RKlN-ccdhCo1ovFcraPT6hCmYVk0','BEARER',2),(295,_binary '',_binary '','eyJhbGciOiJIUzI1NiJ9.eyJzdWIiOiJhZG1pbkBnbWFpbC5jb20iLCJpYXQiOjE3MTU4NTE5NTEsImV4cCI6MTcxNTg1MjI1MX0.Fpxm57xH1mPITQVFVzESm2FFWhSgAHaUmdaLgSMnJ7I','BEARER',2),(296,_binary '',_binary '','eyJhbGciOiJIUzI1NiJ9.eyJzdWIiOiJhZG1pbkBnbWFpbC5jb20iLCJpYXQiOjE3MTU4NTE5NTMsImV4cCI6MTcxNTg1MjI1M30.b6evY64b23yc6FVNaHZ4PQz9hrocw3NxoYpU2siLk8E','BEARER',2),(297,_binary '',_binary '','eyJhbGciOiJIUzI1NiJ9.eyJzdWIiOiJhZG1pbkBnbWFpbC5jb20iLCJpYXQiOjE3MTU4NTIxMzMsImV4cCI6MTcxNTg1MjQzM30.roI62ZY9lFoVZX5eK48WoO-mQWZgBt23VtuOHRnKfc8','BEARER',2),(298,_binary '',_binary '','eyJhbGciOiJIUzI1NiJ9.eyJzdWIiOiJhZG1pbkBnbWFpbC5jb20iLCJpYXQiOjE3MTU4NTIyNzgsImV4cCI6MTcxNTg1MjU3OH0.OZcveokAqoihVKluT9tXz-x7teGrg0XiiHbCt91Rw_k','BEARER',2),(299,_binary '',_binary '','eyJhbGciOiJIUzI1NiJ9.eyJzdWIiOiJhZG1pbkBnbWFpbC5jb20iLCJpYXQiOjE3MTU4NTIzMDEsImV4cCI6MTcxNTg1MjYwMX0.1eM6t-tDh57sUcauzYmAlkca7t6dyAxEVG7n-0ZMviw','BEARER',2),(300,_binary '',_binary '','eyJhbGciOiJIUzI1NiJ9.eyJzdWIiOiJhZG1pbkBnbWFpbC5jb20iLCJpYXQiOjE3MTU4NTIzMTQsImV4cCI6MTcxNTg1MjYxNH0.pe7FmQZE6NNVZsb_b8l_CBtoyQm9fz_xsQXyW5styWs','BEARER',2),(301,_binary '',_binary '','eyJhbGciOiJIUzI1NiJ9.eyJzdWIiOiJhZG1pbkBnbWFpbC5jb20iLCJpYXQiOjE3MTU4NTI1NDIsImV4cCI6MTcxNTg1Mjg0Mn0.BLE6v7mU8ezw--mN2B5_YWV0E1vUuhaj0ld_VcEzbdg','BEARER',2),(302,_binary '',_binary '','eyJhbGciOiJIUzI1NiJ9.eyJzdWIiOiJhZG1pbkBnbWFpbC5jb20iLCJpYXQiOjE3MTU4NTI3MjMsImV4cCI6MTcxNTg1MzAyM30.eRfAEjakORS0bMd-LvX9HS-LX2ujxf01oyCt7C9ddGw','BEARER',2),(303,_binary '',_binary '','eyJhbGciOiJIUzI1NiJ9.eyJzdWIiOiJhZG1pbkBnbWFpbC5jb20iLCJpYXQiOjE3MTU4NTI4NDcsImV4cCI6MTcxNTg1MzE0N30.oNcvQIYVLJ5JkfmmesmT4joLqoqw9LI2aIei3kuWFvo','BEARER',2),(304,_binary '',_binary '','eyJhbGciOiJIUzI1NiJ9.eyJzdWIiOiJhZG1pbkBnbWFpbC5jb20iLCJpYXQiOjE3MTU4NTI5MzAsImV4cCI6MTcxNTg1MzIzMH0.Brd8b4zv7Vkagpk4TCnCimYWNDAtKgFh0Z9bMCTUTIA','BEARER',2),(305,_binary '',_binary '','eyJhbGciOiJIUzI1NiJ9.eyJzdWIiOiJhZG1pbkBnbWFpbC5jb20iLCJpYXQiOjE3MTU4NTI5OTYsImV4cCI6MTcxNTg1MzI5Nn0.II7-WI3SFcMEEvfmJClp9nDAGiYzzHrujWKNGIbOLB4','BEARER',2),(306,_binary '',_binary '','eyJhbGciOiJIUzI1NiJ9.eyJzdWIiOiJhZG1pbkBnbWFpbC5jb20iLCJpYXQiOjE3MTU4NTMwNjUsImV4cCI6MTcxNTg1MzM2NX0.0lhmxjAcUgr9kkIMgs3eTJq_2CeS2R8yJR_fCmgAF0o','BEARER',2),(307,_binary '',_binary '','eyJhbGciOiJIUzI1NiJ9.eyJzdWIiOiJhZG1pbkBnbWFpbC5jb20iLCJpYXQiOjE3MTU4NTMwNzgsImV4cCI6MTcxNTg1MzM3OH0.rHiXFlL0yrZjynVYeHyZyR3ZSH7pUSxgTqQuWaGCycg','BEARER',2),(308,_binary '',_binary '','eyJhbGciOiJIUzI1NiJ9.eyJzdWIiOiJhZG1pbkBnbWFpbC5jb20iLCJpYXQiOjE3MTU4NTMwODMsImV4cCI6MTcxNTg1MzM4M30.rtQLZTwAPzyqqmtT_xTvjAVFpgzM8PufP8P00dfNlI8','BEARER',2),(309,_binary '',_binary '','eyJhbGciOiJIUzI1NiJ9.eyJzdWIiOiJhZG1pbkBnbWFpbC5jb20iLCJpYXQiOjE3MTU4NTMxNDEsImV4cCI6MTcxNTg1MzQ0MX0.f74R0bVLbL2p_K3YuXEFyYyQTcQma0-ozJlk2ozRXeE','BEARER',2),(310,_binary '',_binary '','eyJhbGciOiJIUzI1NiJ9.eyJzdWIiOiJhZG1pbkBnbWFpbC5jb20iLCJpYXQiOjE3MTU4NTMxNTUsImV4cCI6MTcxNTg1MzQ1NX0.7rAyqibcevlKgQ9K__3rxZem6onxbkD5N33c5Pe9zSg','BEARER',2),(311,_binary '',_binary '','eyJhbGciOiJIUzI1NiJ9.eyJzdWIiOiJhZG1pbkBnbWFpbC5jb20iLCJpYXQiOjE3MTU4NTMxOTMsImV4cCI6MTcxNTg1MzQ5M30.vSp9BQ5xtSDkJAabX0tL7AwbJEB8eSStZFdPQHcVn6g','BEARER',2),(312,_binary '',_binary '','eyJhbGciOiJIUzI1NiJ9.eyJzdWIiOiJhZG1pbkBnbWFpbC5jb20iLCJpYXQiOjE3MTU4NTMzMzcsImV4cCI6MTcxNTg1MzYzN30.2NsnQKIcU6JHRVwCrmafmBQCOxcUjHPAnBY7MZAF4W8','BEARER',2),(313,_binary '',_binary '','eyJhbGciOiJIUzI1NiJ9.eyJzdWIiOiJhZG1pbkBnbWFpbC5jb20iLCJpYXQiOjE3MTU4NTMzNTQsImV4cCI6MTcxNTg1MzY1NH0.rngCKN2pcPsuNb-TtO8Z9hBl2a9mUYeJl4E8LiDIeL8','BEARER',2),(314,_binary '',_binary '','eyJhbGciOiJIUzI1NiJ9.eyJzdWIiOiJhZG1pbkBnbWFpbC5jb20iLCJpYXQiOjE3MTU4NTM1MzQsImV4cCI6MTcxNTg1MzgzNH0.rsnYD82MtoEWSoM4x63lsuvQaYA8Q3o7qhqLcO1vbDs','BEARER',2),(315,_binary '',_binary '','eyJhbGciOiJIUzI1NiJ9.eyJzdWIiOiJhZG1pbkBnbWFpbC5jb20iLCJpYXQiOjE3MTU4NTM3MTQsImV4cCI6MTcxNTg1NDAxNH0.nct-i2XGNCS6YcdgMLfgp4Dqlegvf-Qai_9swSzbtjM','BEARER',2),(316,_binary '',_binary '','eyJhbGciOiJIUzI1NiJ9.eyJzdWIiOiJhZG1pbkBnbWFpbC5jb20iLCJpYXQiOjE3MTU4NTM4OTQsImV4cCI6MTcxNTg1NDE5NH0.k_YmDQcHjqTFzbDltLhWdVKub2taG8LiBCmKBBO4OWE','BEARER',2),(317,_binary '',_binary '','eyJhbGciOiJIUzI1NiJ9.eyJzdWIiOiJhZG1pbkBnbWFpbC5jb20iLCJpYXQiOjE3MTU4NTQwNzQsImV4cCI6MTcxNTg1NDM3NH0.sJj2wzhdqcfY5T9gBzgIgE7n_uzm7KFbz0ularDS4aM','BEARER',2),(318,_binary '',_binary '','eyJhbGciOiJIUzI1NiJ9.eyJzdWIiOiJhZG1pbkBnbWFpbC5jb20iLCJpYXQiOjE3MTU4NTQyNTQsImV4cCI6MTcxNTg1NDU1NH0.BuBJIDhLOQXhRXvlQwR5lcuIexxZ3w4rYr3Ge0zPEVg','BEARER',2),(319,_binary '',_binary '','eyJhbGciOiJIUzI1NiJ9.eyJzdWIiOiJhZG1pbkBnbWFpbC5jb20iLCJpYXQiOjE3MTU4NTQ0MzQsImV4cCI6MTcxNTg1NDczNH0.PPkcN72WI22AzoE9tQv3xIMOIFcjnH7pcYsyN4ArvsI','BEARER',2),(320,_binary '',_binary '','eyJhbGciOiJIUzI1NiJ9.eyJzdWIiOiJhZG1pbkBnbWFpbC5jb20iLCJpYXQiOjE3MTU4NTQ0ODIsImV4cCI6MTcxNTg1NDc4Mn0.buYrqqamY-ZYYMdOBuPX7Ug_RhR3ubaxt56xV5JnwxU','BEARER',2),(321,_binary '',_binary '','eyJhbGciOiJIUzI1NiJ9.eyJzdWIiOiJhZG1pbkBnbWFpbC5jb20iLCJpYXQiOjE3MTU4NTQ0ODYsImV4cCI6MTcxNTg1NDc4Nn0.bKGhQlPf8eiqlMVN63cYg_2-PUE3QhVW0qZFUzVdM-M','BEARER',2),(322,_binary '',_binary '','eyJhbGciOiJIUzI1NiJ9.eyJzdWIiOiJhZG1pbkBnbWFpbC5jb20iLCJpYXQiOjE3MTU4NTQ1MDAsImV4cCI6MTcxNTg1NDgwMH0.XckHtG_Hp8bMzngsL8jTLJW_JGGJNfFZbId1D0AAWtQ','BEARER',2),(323,_binary '',_binary '','eyJhbGciOiJIUzI1NiJ9.eyJzdWIiOiJhZG1pbkBnbWFpbC5jb20iLCJpYXQiOjE3MTU4NTQ1MTcsImV4cCI6MTcxNTg1NDgxN30.CMaycZjKSahX73O8UuKlKPdG5G_Ajn3zgE5RZpewBMs','BEARER',2),(324,_binary '',_binary '','eyJhbGciOiJIUzI1NiJ9.eyJzdWIiOiJhZG1pbkBnbWFpbC5jb20iLCJpYXQiOjE3MTU4NTQ1MjMsImV4cCI6MTcxNTg1NDgyM30.FQiQ-KHQdLzp4BniLLn6cnLMoi39AiP07ZVWuxP5c40','BEARER',2),(325,_binary '',_binary '','eyJhbGciOiJIUzI1NiJ9.eyJzdWIiOiJhZG1pbkBnbWFpbC5jb20iLCJpYXQiOjE3MTU4NTQ1MzcsImV4cCI6MTcxNTg1NDgzN30.5ihpEtoIQF-SCToRIc2TrEXUk60HElGPAO-jVYWY-y0','BEARER',2),(326,_binary '',_binary '','eyJhbGciOiJIUzI1NiJ9.eyJzdWIiOiJhZG1pbkBnbWFpbC5jb20iLCJpYXQiOjE3MTU4NTQ2MzYsImV4cCI6MTcxNTg1NDkzNn0.1Znj5oGP0VjZZC1rBH9x8-uGG9fpynaidfyUBXwh96Y','BEARER',2),(327,_binary '',_binary '','eyJhbGciOiJIUzI1NiJ9.eyJzdWIiOiJhZG1pbkBnbWFpbC5jb20iLCJpYXQiOjE3MTU4NTQ3MzEsImV4cCI6MTcxNTg1NTAzMX0.88bRKYYVxGYaX9YbBCqXuwOH3z5OhTyL72wfG82zbVE','BEARER',2),(328,_binary '',_binary '','eyJhbGciOiJIUzI1NiJ9.eyJzdWIiOiJhZG1pbkBnbWFpbC5jb20iLCJpYXQiOjE3MTU4NTQ3NDQsImV4cCI6MTcxNTg1NTA0NH0.bNGekH5JDXYjt2XN5bQecHHCSLxcRyQIWSRMQM6829k','BEARER',2),(329,_binary '',_binary '','eyJhbGciOiJIUzI1NiJ9.eyJzdWIiOiJhZG1pbkBnbWFpbC5jb20iLCJpYXQiOjE3MTU4NTQ3NTYsImV4cCI6MTcxNTg1NTA1Nn0.hXhUqr_e9CJMMRTNOJUvGKAQhz1mFsjJ-fAP9cxzjLU','BEARER',2),(330,_binary '',_binary '','eyJhbGciOiJIUzI1NiJ9.eyJzdWIiOiJhZG1pbkBnbWFpbC5jb20iLCJpYXQiOjE3MTU4NTQ5MzYsImV4cCI6MTcxNTg1NTIzNn0.z7lYxCA7UJ0O9Dw9JRJ5znhj-gGWxir7Bhn0IwvvsRg','BEARER',2),(331,_binary '',_binary '','eyJhbGciOiJIUzI1NiJ9.eyJzdWIiOiJhZG1pbkBnbWFpbC5jb20iLCJpYXQiOjE3MTU4NTQ5NjIsImV4cCI6MTcxNTg1NTI2Mn0.x0VDi-AtJXLhnq-SPtu6pQVJPGDIG02OLL9eYH0jCOo','BEARER',2),(332,_binary '',_binary '','eyJhbGciOiJIUzI1NiJ9.eyJzdWIiOiJhZG1pbkBnbWFpbC5jb20iLCJpYXQiOjE3MTU4NTQ5OTQsImV4cCI6MTcxNTg1NTI5NH0.sjLKlMQH06QouCksXwIcUf0zIRrDIjU9J9A92pzSrQM','BEARER',2),(333,_binary '',_binary '','eyJhbGciOiJIUzI1NiJ9.eyJzdWIiOiJhZG1pbkBnbWFpbC5jb20iLCJpYXQiOjE3MTU4NTUwMDQsImV4cCI6MTcxNTg1NTMwNH0.yHBkmbX8evxwKITZIetprcDhWMeHGO-6cqXkbNyb4-o','BEARER',2),(334,_binary '',_binary '','eyJhbGciOiJIUzI1NiJ9.eyJzdWIiOiJhZG1pbkBnbWFpbC5jb20iLCJpYXQiOjE3MTU4NTUwMDgsImV4cCI6MTcxNTg1NTMwOH0.p6MvJo6agztmuSf0_15D3XjPXplC4nHK4dKLddEUSKo','BEARER',2),(335,_binary '',_binary '','eyJhbGciOiJIUzI1NiJ9.eyJzdWIiOiJhZG1pbkBnbWFpbC5jb20iLCJpYXQiOjE3MTU4NTUwNzQsImV4cCI6MTcxNTg1NTM3NH0._EqdpgH00tpKkquN9xwP76kDFQNjpxItzzYkFi7jvfQ','BEARER',2),(336,_binary '',_binary '','eyJhbGciOiJIUzI1NiJ9.eyJzdWIiOiJhZG1pbkBnbWFpbC5jb20iLCJpYXQiOjE3MTU4NTUxNDgsImV4cCI6MTcxNTg1NTQ0OH0.Xn4GWg6nhDgHN6peFrqa34XmFmkCqyqM0Lkn2veVmMk','BEARER',2),(337,_binary '',_binary '','eyJhbGciOiJIUzI1NiJ9.eyJzdWIiOiJhZG1pbkBnbWFpbC5jb20iLCJpYXQiOjE3MTU4NTUxNzYsImV4cCI6MTcxNTg1NTQ3Nn0.znIN5-I_7yn7qopyUdB4kk0L4jV-B36oyp2BNIBMN1k','BEARER',2),(338,_binary '',_binary '','eyJhbGciOiJIUzI1NiJ9.eyJzdWIiOiJhZG1pbkBnbWFpbC5jb20iLCJpYXQiOjE3MTU4NTUxOTcsImV4cCI6MTcxNTg1NTQ5N30.17RLVjVgKM7uk-GW4pasuu4LPtEK23DDkU_rmyNu59Y','BEARER',2),(339,_binary '',_binary '','eyJhbGciOiJIUzI1NiJ9.eyJzdWIiOiJhZG1pbkBnbWFpbC5jb20iLCJpYXQiOjE3MTU4NTUyMzIsImV4cCI6MTcxNTg1NTUzMn0.ohwI8Dprs6EiP_hPM-M0Vq4H7OaqbQLXwi2_EJyMCMM','BEARER',2),(340,_binary '',_binary '','eyJhbGciOiJIUzI1NiJ9.eyJzdWIiOiJhZG1pbkBnbWFpbC5jb20iLCJpYXQiOjE3MTU4NTUyMzMsImV4cCI6MTcxNTg1NTUzM30.g1sZZ5wseVq7dtKqBUd9LK094dw6DFm2O17VYIhmvAQ','BEARER',2),(341,_binary '',_binary '','eyJhbGciOiJIUzI1NiJ9.eyJzdWIiOiJhZG1pbkBnbWFpbC5jb20iLCJpYXQiOjE3MTU4NTUyODEsImV4cCI6MTcxNTg1NTU4MX0.Z9c62P59X1U4hR-2U2yBGFkAbe3DVycfXBQO6dzWmnY','BEARER',2),(342,_binary '',_binary '','eyJhbGciOiJIUzI1NiJ9.eyJzdWIiOiJhZG1pbkBnbWFpbC5jb20iLCJpYXQiOjE3MTU4NTUyODIsImV4cCI6MTcxNTg1NTU4Mn0.evVzqUdFpLkF8hpM06SJchIL73OySCLsBZJX1knAm40','BEARER',2),(343,_binary '',_binary '','eyJhbGciOiJIUzI1NiJ9.eyJzdWIiOiJhZG1pbkBnbWFpbC5jb20iLCJpYXQiOjE3MTU4NTUzMzUsImV4cCI6MTcxNTg1NTYzNX0.9qaH7PlgfDFL-KG6SBAckU7QFvVfXhpur1R-XXQwm5w','BEARER',2),(344,_binary '',_binary '','eyJhbGciOiJIUzI1NiJ9.eyJzdWIiOiJhZG1pbkBnbWFpbC5jb20iLCJpYXQiOjE3MTU4NTUzMzYsImV4cCI6MTcxNTg1NTYzNn0.T40had4Z7hXmtWrI7SWaQZXh1U1KJV6x9W-FrndthAw','BEARER',2),(345,_binary '',_binary '','eyJhbGciOiJIUzI1NiJ9.eyJzdWIiOiJhZG1pbkBnbWFpbC5jb20iLCJpYXQiOjE3MTU4NTUzNDYsImV4cCI6MTcxNTg1NTY0Nn0.aOBHsxOO7JaF4Wt7xwCNysjJkWQ8Gm34-zMDHuToSqU','BEARER',2),(346,_binary '',_binary '','eyJhbGciOiJIUzI1NiJ9.eyJzdWIiOiJhZG1pbkBnbWFpbC5jb20iLCJpYXQiOjE3MTU4NTUzNDgsImV4cCI6MTcxNTg1NTY0OH0.waJYrJDPx63JYUHQoC-m6tsDx51DZ1QNu8KXqhO3-7I','BEARER',2),(347,_binary '',_binary '','eyJhbGciOiJIUzI1NiJ9.eyJzdWIiOiJhZG1pbkBnbWFpbC5jb20iLCJpYXQiOjE3MTU4NTUzNjcsImV4cCI6MTcxNTg1NTY2N30.-3JicyXbfAYD5-9drCXqj6TH3tJ843FkSW3BR2lBfB4','BEARER',2),(348,_binary '',_binary '','eyJhbGciOiJIUzI1NiJ9.eyJzdWIiOiJhZG1pbkBnbWFpbC5jb20iLCJpYXQiOjE3MTU4NTU0MzYsImV4cCI6MTcxNTg1NTczNn0.ft0eVuv5QbHIyqOkz0dyfNZvGV0dT-qsu96r44wfzIQ','BEARER',2),(349,_binary '',_binary '','eyJhbGciOiJIUzI1NiJ9.eyJzdWIiOiJhZG1pbkBnbWFpbC5jb20iLCJpYXQiOjE3MTU4NTU1MjYsImV4cCI6MTcxNTg1NTgyNn0.-bbkflHC6oRfS7lPL7537punY5k6rifvFLYriCoZ6P4','BEARER',2),(350,_binary '',_binary '','eyJhbGciOiJIUzI1NiJ9.eyJzdWIiOiJhZG1pbkBnbWFpbC5jb20iLCJpYXQiOjE3MTU4NTU1OTIsImV4cCI6MTcxNTg1NTg5Mn0.tTUcCtOewOoNLuhWjxlOJGFgwV8wOUzsKbDnAlQhKEo','BEARER',2),(351,_binary '',_binary '','eyJhbGciOiJIUzI1NiJ9.eyJzdWIiOiJhZG1pbkBnbWFpbC5jb20iLCJpYXQiOjE3MTU4NTU1OTQsImV4cCI6MTcxNTg1NTg5NH0.YW3PGjokij7W4QYYSRzE2hGv-o0YeQ0c-9rZiqEpUTw','BEARER',2),(352,_binary '',_binary '','eyJhbGciOiJIUzI1NiJ9.eyJzdWIiOiJhZG1pbkBnbWFpbC5jb20iLCJpYXQiOjE3MTU4NTU2NzEsImV4cCI6MTcxNTg1NTk3MX0.Ullk-SSX1giQRjrdz7_lSq6IK77JIylypCmShCfgx0Y','BEARER',2),(353,_binary '',_binary '','eyJhbGciOiJIUzI1NiJ9.eyJzdWIiOiJhZG1pbkBnbWFpbC5jb20iLCJpYXQiOjE3MTU4NTU2NzIsImV4cCI6MTcxNTg1NTk3Mn0.vUO90G6xd4o_bqt_iyFOAhBhTrgkoO25Fot2Kf18V0M','BEARER',2),(354,_binary '',_binary '','eyJhbGciOiJIUzI1NiJ9.eyJzdWIiOiJhZG1pbkBnbWFpbC5jb20iLCJpYXQiOjE3MTU4NTU3MTgsImV4cCI6MTcxNTg1NjAxOH0.8Re7gE4gTPrmJzC3g3xvhXzJR0lFG0SqKeUsCVyJaMo','BEARER',2),(355,_binary '',_binary '','eyJhbGciOiJIUzI1NiJ9.eyJzdWIiOiJhZG1pbkBnbWFpbC5jb20iLCJpYXQiOjE3MTU4NTU3MjAsImV4cCI6MTcxNTg1NjAyMH0.KhY_Ra3cYqFZxvpQr7CKSUvJsfzt_9E7oElDgWozKsQ','BEARER',2),(356,_binary '',_binary '','eyJhbGciOiJIUzI1NiJ9.eyJzdWIiOiJhZG1pbkBnbWFpbC5jb20iLCJpYXQiOjE3MTU4NTU3MjUsImV4cCI6MTcxNTg1NjAyNX0.9Msd_-u2jtbYw9bngCAw2aQBRa7RiBzGShKdUwsaD_8','BEARER',2),(357,_binary '',_binary '','eyJhbGciOiJIUzI1NiJ9.eyJzdWIiOiJhZG1pbkBnbWFpbC5jb20iLCJpYXQiOjE3MTU4NTU3MjgsImV4cCI6MTcxNTg1NjAyOH0.Q0w6G1OFdD6s2_Ol-ZT2SVAPiLfSHFrh45uXs31oIXo','BEARER',2),(358,_binary '',_binary '','eyJhbGciOiJIUzI1NiJ9.eyJzdWIiOiJhZG1pbkBnbWFpbC5jb20iLCJpYXQiOjE3MTU4NTU3MzMsImV4cCI6MTcxNTg1NjAzM30.7ii6C1036jrSe0LHTYHUlKsEsUDMeTecPjEKZwra05Q','BEARER',2),(359,_binary '',_binary '','eyJhbGciOiJIUzI1NiJ9.eyJzdWIiOiJhZG1pbkBnbWFpbC5jb20iLCJpYXQiOjE3MTU4NTU3NDYsImV4cCI6MTcxNTg1NjA0Nn0.BfTL_Apr6CkthPZ5Ilg0Q8naxmbL7zyhWzECN0Wsrz0','BEARER',2),(360,_binary '',_binary '','eyJhbGciOiJIUzI1NiJ9.eyJzdWIiOiJhZG1pbkBnbWFpbC5jb20iLCJpYXQiOjE3MTU4NTU3NDgsImV4cCI6MTcxNTg1NjA0OH0.Q4lG1-4bsZuTbQgkiZUxBsB4E8urPEjG2nNGblcyeQQ','BEARER',2),(361,_binary '',_binary '','eyJhbGciOiJIUzI1NiJ9.eyJzdWIiOiJhZG1pbkBnbWFpbC5jb20iLCJpYXQiOjE3MTU4NTU5NTUsImV4cCI6MTcxNTg1NjI1NX0.4kGUT_U5rlhdzGdxn_djI_evFwZhVkI9oeVPSKA5HIM','BEARER',2),(362,_binary '',_binary '','eyJhbGciOiJIUzI1NiJ9.eyJzdWIiOiJhZG1pbkBnbWFpbC5jb20iLCJpYXQiOjE3MTU4NTU5NjEsImV4cCI6MTcxNTg1NjI2MX0.iyPqF9_fZPJz1-OFM8s_LZEbWrLC8A-4lOPjrIaFGE0','BEARER',2),(363,_binary '',_binary '','eyJhbGciOiJIUzI1NiJ9.eyJzdWIiOiJhZG1pbkBnbWFpbC5jb20iLCJpYXQiOjE3MTU4NTYwMDIsImV4cCI6MTcxNTg1NjMwMn0.Bp-NiBqvX-k5KI7QeA9mnQizXw4sVCQNkfM_oaUBsyM','BEARER',2),(364,_binary '',_binary '','eyJhbGciOiJIUzI1NiJ9.eyJzdWIiOiJhZG1pbkBnbWFpbC5jb20iLCJpYXQiOjE3MTU4NTYxMDMsImV4cCI6MTcxNTg1NjQwM30.yclLQLLRh69Jne0n7uZVH0BYuii1mxWZ34205jtkOq0','BEARER',2),(365,_binary '',_binary '','eyJhbGciOiJIUzI1NiJ9.eyJzdWIiOiJhZG1pbkBnbWFpbC5jb20iLCJpYXQiOjE3MTU4NTYxNTEsImV4cCI6MTcxNTg1NjQ1MX0.gIqIWxRIh_CIenVSCt8fzJLFdeA4dqHHPPrRVdvmVWA','BEARER',2),(366,_binary '',_binary '','eyJhbGciOiJIUzI1NiJ9.eyJzdWIiOiJhZG1pbkBnbWFpbC5jb20iLCJpYXQiOjE3MTU4NjA0NDcsImV4cCI6MTcxNTg2MDc0N30.fzQZ8iYpMPY1-S3ZFY7iADuX1BjQPrrL4gX_329dOMg','BEARER',2),(367,_binary '',_binary '','eyJhbGciOiJIUzI1NiJ9.eyJzdWIiOiJhZG1pbkBnbWFpbC5jb20iLCJpYXQiOjE3MTU4NjA1MTUsImV4cCI6MTcxNTg2MDgxNX0.A4W0IxTVG33YBtPy5JIhXNar_Vlibg9rHPKM9bqHOko','BEARER',2),(368,_binary '',_binary '','eyJhbGciOiJIUzI1NiJ9.eyJzdWIiOiJhZG1pbkBnbWFpbC5jb20iLCJpYXQiOjE3MTU4NjA2OTUsImV4cCI6MTcxNTg2MDk5NX0.56yoAH8A4f-W32ey8ekm5CViU7LrdFK3cVE93uF2KzE','BEARER',2),(369,_binary '',_binary '','eyJhbGciOiJIUzI1NiJ9.eyJzdWIiOiJhZG1pbkBnbWFpbC5jb20iLCJpYXQiOjE3MTU4NjA3NTQsImV4cCI6MTcxNTg2MTA1NH0.fK9nMmykHQqtJooN-rim41w8trSuL6a3-vN1jToG3n4','BEARER',2),(370,_binary '',_binary '','eyJhbGciOiJIUzI1NiJ9.eyJzdWIiOiJhZG1pbkBnbWFpbC5jb20iLCJpYXQiOjE3MTU4NjA3NzAsImV4cCI6MTcxNTg2MTA3MH0.TzKNS_Qgp8Pkc2bNNyMPpitZlt94Hybf6Ytyq6hDASk','BEARER',2),(371,_binary '',_binary '','eyJhbGciOiJIUzI1NiJ9.eyJzdWIiOiJhZG1pbkBnbWFpbC5jb20iLCJpYXQiOjE3MTU4NjA3NzQsImV4cCI6MTcxNTg2MTA3NH0.foQ-eE-RET7g356Z-_53Q2yVQiX2jd_jE4Q9NpCOQVk','BEARER',2),(372,_binary '',_binary '','eyJhbGciOiJIUzI1NiJ9.eyJzdWIiOiJhZG1pbkBnbWFpbC5jb20iLCJpYXQiOjE3MTU4NjA4MDYsImV4cCI6MTcxNTg2MTEwNn0.RBr_-9NLT3oD8JILf3_TUBs2ibvGrZMWFZmWxT31yIo','BEARER',2),(373,_binary '',_binary '','eyJhbGciOiJIUzI1NiJ9.eyJzdWIiOiJhZG1pbkBnbWFpbC5jb20iLCJpYXQiOjE3MTU4NjA4MDksImV4cCI6MTcxNTg2MTEwOX0.YKsQFHPhdrGHZwSKFzoR0Nyi2eL9-a6-AxpEHSeQZOM','BEARER',2),(374,_binary '',_binary '','eyJhbGciOiJIUzI1NiJ9.eyJzdWIiOiJhZG1pbkBnbWFpbC5jb20iLCJpYXQiOjE3MTU4NjA4MzEsImV4cCI6MTcxNTg2MTEzMX0.cD1l4wQNm3mRVXc6GpI851lW114zvEL_Wgdkm14r2rA','BEARER',2),(375,_binary '',_binary '','eyJhbGciOiJIUzI1NiJ9.eyJzdWIiOiJhZG1pbkBnbWFpbC5jb20iLCJpYXQiOjE3MTU4NjA4MzIsImV4cCI6MTcxNTg2MTEzMn0.fCcPPdcBj99XE-i83NJY525JUcnSg_-7AVhF1YgX5EU','BEARER',2),(376,_binary '',_binary '','eyJhbGciOiJIUzI1NiJ9.eyJzdWIiOiJhZG1pbkBnbWFpbC5jb20iLCJpYXQiOjE3MTU4NjA4NzMsImV4cCI6MTcxNTg2MTE3M30.8nRvool--gobhscA2Z1BxwiYwPcCo6fX7-cGdo76qfM','BEARER',2),(377,_binary '',_binary '','eyJhbGciOiJIUzI1NiJ9.eyJzdWIiOiJhZG1pbkBnbWFpbC5jb20iLCJpYXQiOjE3MTU4NjA4NzQsImV4cCI6MTcxNTg2MTE3NH0.oavnYE5IzWg2fDA9Mtr2Vbw53TEM70AY9oZwYiDu-wI','BEARER',2),(378,_binary '',_binary '','eyJhbGciOiJIUzI1NiJ9.eyJzdWIiOiJhZG1pbkBnbWFpbC5jb20iLCJpYXQiOjE3MTU4NjA5MDgsImV4cCI6MTcxNTg2MTIwOH0.zof6LH0vHXpTBPYU5zckQjDamTwdUZpUTO7HEyA3YpQ','BEARER',2),(379,_binary '',_binary '','eyJhbGciOiJIUzI1NiJ9.eyJzdWIiOiJhZG1pbkBnbWFpbC5jb20iLCJpYXQiOjE3MTU4NjA5MDksImV4cCI6MTcxNTg2MTIwOX0.KpGQeMmhgq_ihVTf8VOYWLkCHxH_DqFPDkBTys-mMLc','BEARER',2),(380,_binary '',_binary '','eyJhbGciOiJIUzI1NiJ9.eyJzdWIiOiJhZG1pbkBnbWFpbC5jb20iLCJpYXQiOjE3MTU4NjEwMjEsImV4cCI6MTcxNTg2MTMyMX0.2joDd5dEtbICNgM0O90tqfj4jtEN2A-Y5hMrLNB49eY','BEARER',2),(381,_binary '',_binary '','eyJhbGciOiJIUzI1NiJ9.eyJzdWIiOiJhZG1pbkBnbWFpbC5jb20iLCJpYXQiOjE3MTU4NjEwMjIsImV4cCI6MTcxNTg2MTMyMn0.1SyfQSMBJGdJGe5qLaQHXC-Zu4skYY1zfAekr9rPOK4','BEARER',2),(382,_binary '',_binary '','eyJhbGciOiJIUzI1NiJ9.eyJzdWIiOiJhZG1pbkBnbWFpbC5jb20iLCJpYXQiOjE3MTU4NjEwNTIsImV4cCI6MTcxNTg2MTM1Mn0.zWc6WiYyNqPkUV9nuM9CNtlLya1VpRUiGlsk_OA9sVY','BEARER',2),(383,_binary '',_binary '','eyJhbGciOiJIUzI1NiJ9.eyJzdWIiOiJhZG1pbkBnbWFpbC5jb20iLCJpYXQiOjE3MTU4NjEwNTMsImV4cCI6MTcxNTg2MTM1M30.rWFFQiZUAivmgtc5lHLLyAJPcT_ZAtf2U7KkMR06cWk','BEARER',2),(384,_binary '',_binary '','eyJhbGciOiJIUzI1NiJ9.eyJzdWIiOiJhZG1pbkBnbWFpbC5jb20iLCJpYXQiOjE3MTU4NjEwNTcsImV4cCI6MTcxNTg2MTM1N30.RN9L5bAQNs1lv12PTeEqwiPeiw9bsPXuTetBUugZs8U','BEARER',2),(385,_binary '',_binary '','eyJhbGciOiJIUzI1NiJ9.eyJzdWIiOiJhZG1pbkBnbWFpbC5jb20iLCJpYXQiOjE3MTU4NjEwNTksImV4cCI6MTcxNTg2MTM1OX0.GNkmm58gehgT6F8FSoTRhqIqBDq-kq0T5_gDTCH7Puw','BEARER',2),(386,_binary '',_binary '','eyJhbGciOiJIUzI1NiJ9.eyJzdWIiOiJhZG1pbkBnbWFpbC5jb20iLCJpYXQiOjE3MTU4NjEwNTksImV4cCI6MTcxNTg2MTM1OX0.GNkmm58gehgT6F8FSoTRhqIqBDq-kq0T5_gDTCH7Puw','BEARER',2),(387,_binary '',_binary '','eyJhbGciOiJIUzI1NiJ9.eyJzdWIiOiJhZG1pbkBnbWFpbC5jb20iLCJpYXQiOjE3MTU4NjEwNjIsImV4cCI6MTcxNTg2MTM2Mn0.TQfItgmXwcBtfibUZJdPmjvUWcroLIIXnwZB5X4k4wI','BEARER',2),(388,_binary '',_binary '','eyJhbGciOiJIUzI1NiJ9.eyJzdWIiOiJhZG1pbkBnbWFpbC5jb20iLCJpYXQiOjE3MTU4NjEwNjMsImV4cCI6MTcxNTg2MTM2M30.0J1mVlar6fCVONwCMBv24J7JAW8yKkEtAKyH6pMgko8','BEARER',2),(389,_binary '',_binary '','eyJhbGciOiJIUzI1NiJ9.eyJzdWIiOiJhZG1pbkBnbWFpbC5jb20iLCJpYXQiOjE3MTU4NjExMTMsImV4cCI6MTcxNTg2MTQxM30.Ulyqri3zJWA3fBK4PcXck3A_pOf74cSNggGdb-Hrf5k','BEARER',2),(390,_binary '',_binary '','eyJhbGciOiJIUzI1NiJ9.eyJzdWIiOiJhZG1pbkBnbWFpbC5jb20iLCJpYXQiOjE3MTU4NjExMTQsImV4cCI6MTcxNTg2MTQxNH0.IODkeBsZU2XCVEMisHMlOstWBjs049cPZCf3V-Xq9pI','BEARER',2),(391,_binary '',_binary '','eyJhbGciOiJIUzI1NiJ9.eyJzdWIiOiJhZG1pbkBnbWFpbC5jb20iLCJpYXQiOjE3MTU4NjExMzAsImV4cCI6MTcxNTg2MTQzMH0.ox3Z6XKERAKL2Vis9eY1XhoRK8PmZcF-ofU5i3llFPY','BEARER',2),(392,_binary '',_binary '','eyJhbGciOiJIUzI1NiJ9.eyJzdWIiOiJhZG1pbkBnbWFpbC5jb20iLCJpYXQiOjE3MTU4NjExNDcsImV4cCI6MTcxNTg2MTQ0N30.3f2fsVs7cl3XCwP6eHev3LyiKZunZLDoZpNw5kKBjps','BEARER',2),(393,_binary '',_binary '','eyJhbGciOiJIUzI1NiJ9.eyJzdWIiOiJhZG1pbkBnbWFpbC5jb20iLCJpYXQiOjE3MTU4NjExNDgsImV4cCI6MTcxNTg2MTQ0OH0.KDIC17ExoF3GTlIg7XQaduSSMc339ZIVGcqh5SyB3Hg','BEARER',2),(394,_binary '',_binary '','eyJhbGciOiJIUzI1NiJ9.eyJzdWIiOiJhZG1pbkBnbWFpbC5jb20iLCJpYXQiOjE3MTU4NjExNTgsImV4cCI6MTcxNTg2MTQ1OH0.6Iz6Uafpcs1t9Zgj9J30wKy6Bu_vSYt_-F2bW3mSnt0','BEARER',2),(395,_binary '',_binary '','eyJhbGciOiJIUzI1NiJ9.eyJzdWIiOiJhZG1pbkBnbWFpbC5jb20iLCJpYXQiOjE3MTU4NjExNjAsImV4cCI6MTcxNTg2MTQ2MH0.oPo_18x4-eGOSzddTrjX1d_ddWfqTq8skDekTwqncX4','BEARER',2),(396,_binary '',_binary '','eyJhbGciOiJIUzI1NiJ9.eyJzdWIiOiJhZG1pbkBnbWFpbC5jb20iLCJpYXQiOjE3MTU4NjExNjQsImV4cCI6MTcxNTg2MTQ2NH0.DsX9IEL36zrf7ozQS4DEIbHYHtnclY9CTGZxZpbD5LE','BEARER',2),(397,_binary '',_binary '','eyJhbGciOiJIUzI1NiJ9.eyJzdWIiOiJhZG1pbkBnbWFpbC5jb20iLCJpYXQiOjE3MTU4NjExNjUsImV4cCI6MTcxNTg2MTQ2NX0.liomsLz6delnUi2qg4NMrfj2wknB5adPfc6yfxn46HU','BEARER',2),(398,_binary '',_binary '','eyJhbGciOiJIUzI1NiJ9.eyJzdWIiOiJhZG1pbkBnbWFpbC5jb20iLCJpYXQiOjE3MTU4NjExODAsImV4cCI6MTcxNTg2MTQ4MH0.iLkFg797pLp951ngV0xFCbFiUXxcut-G46nCJUzsTCM','BEARER',2),(399,_binary '',_binary '','eyJhbGciOiJIUzI1NiJ9.eyJzdWIiOiJhZG1pbkBnbWFpbC5jb20iLCJpYXQiOjE3MTU4NjEyMTMsImV4cCI6MTcxNTg2MTUxM30.QwysxHa_r6x1HOEDhSyjjmdlEw5Qf0IyJOlOeZPjahM','BEARER',2),(400,_binary '',_binary '','eyJhbGciOiJIUzI1NiJ9.eyJzdWIiOiJhZG1pbkBnbWFpbC5jb20iLCJpYXQiOjE3MTU4NjEyMTQsImV4cCI6MTcxNTg2MTUxNH0.3Jc4qoeusnL7l-5EHL6iZ-wWrRf0hhzWy9R6E_t0WFA','BEARER',2),(401,_binary '',_binary '','eyJhbGciOiJIUzI1NiJ9.eyJzdWIiOiJhZG1pbkBnbWFpbC5jb20iLCJpYXQiOjE3MTU4NjEyMzQsImV4cCI6MTcxNTg2MTUzNH0.zVPwy-WTw-wyejATYUD2j12E1MD59dzixVGKi6aRJwM','BEARER',2),(402,_binary '',_binary '','eyJhbGciOiJIUzI1NiJ9.eyJzdWIiOiJhZG1pbkBnbWFpbC5jb20iLCJpYXQiOjE3MTU4NjEyNDgsImV4cCI6MTcxNTg2MTU0OH0.0iLDWJdWbXXwLyKLkJYv7-E81aVkWTWST6pjvMjqPUo','BEARER',2),(403,_binary '',_binary '','eyJhbGciOiJIUzI1NiJ9.eyJzdWIiOiJhZG1pbkBnbWFpbC5jb20iLCJpYXQiOjE3MTU4NjEyNDksImV4cCI6MTcxNTg2MTU0OX0.foyA_AWBFL89zJLPH0rSbUvgHW5yFwqeYBDkRLqXE-Q','BEARER',2),(404,_binary '',_binary '','eyJhbGciOiJIUzI1NiJ9.eyJzdWIiOiJhZG1pbkBnbWFpbC5jb20iLCJpYXQiOjE3MTU4NjEyNjQsImV4cCI6MTcxNTg2MTU2NH0.S2bCj6UYXQMBImbppAH3VyS_BwqRX0mlmhXHt0m3XSQ','BEARER',2),(405,_binary '',_binary '','eyJhbGciOiJIUzI1NiJ9.eyJzdWIiOiJhZG1pbkBnbWFpbC5jb20iLCJpYXQiOjE3MTU4NjEyOTIsImV4cCI6MTcxNTg2MTU5Mn0.BZAHVGlMBi3nbtuZb4so9glKiRyQ4U2spVG77YoqC6s','BEARER',2),(406,_binary '',_binary '','eyJhbGciOiJIUzI1NiJ9.eyJzdWIiOiJhZG1pbkBnbWFpbC5jb20iLCJpYXQiOjE3MTU4NjEzMzAsImV4cCI6MTcxNTg2MTYzMH0.fWKDbTzrTJJQa_GwR4mGzB4dSubW06bpUFqTgpvwP50','BEARER',2),(407,_binary '',_binary '','eyJhbGciOiJIUzI1NiJ9.eyJzdWIiOiJhZG1pbkBnbWFpbC5jb20iLCJpYXQiOjE3MTU4NjEzMzEsImV4cCI6MTcxNTg2MTYzMX0.q_3sYxtYE_rMHNslRKJAl5cT4lBVlToUs7_m8excWKQ','BEARER',2),(408,_binary '',_binary '','eyJhbGciOiJIUzI1NiJ9.eyJzdWIiOiJhZG1pbkBnbWFpbC5jb20iLCJpYXQiOjE3MTU4NjEzMzQsImV4cCI6MTcxNTg2MTYzNH0.ysQEtSdTidjl5ym9Gk8Wl31OJCx9sv2YadmasM6Z9UI','BEARER',2),(409,_binary '',_binary '','eyJhbGciOiJIUzI1NiJ9.eyJzdWIiOiJhZG1pbkBnbWFpbC5jb20iLCJpYXQiOjE3MTU4NjEzMzYsImV4cCI6MTcxNTg2MTYzNn0.F3mCFLp8-gAo0MZ1Oe6UNF33vRiPqg1SUfK3zMAcU4s','BEARER',2),(410,_binary '',_binary '','eyJhbGciOiJIUzI1NiJ9.eyJzdWIiOiJhZG1pbkBnbWFpbC5jb20iLCJpYXQiOjE3MTU4NjEzMzcsImV4cCI6MTcxNTg2MTYzN30.S7wepgCxmIX5NqVx3z1QDMHloIi38w0z1LqdfoAWbrI','BEARER',2),(411,_binary '',_binary '','eyJhbGciOiJIUzI1NiJ9.eyJzdWIiOiJhZG1pbkBnbWFpbC5jb20iLCJpYXQiOjE3MTU4NjEzMzksImV4cCI6MTcxNTg2MTYzOX0.iZak1oVSfIdjDdWHj2WkBLFoM3_yIr0AQ-H1p7h5LWU','BEARER',2),(412,_binary '',_binary '','eyJhbGciOiJIUzI1NiJ9.eyJzdWIiOiJhZG1pbkBnbWFpbC5jb20iLCJpYXQiOjE3MTU4NjEzNjQsImV4cCI6MTcxNTg2MTY2NH0.PLm1YXbjQxqeQn-d3qmAzzO6kFZK7uvSwsaJZM4AZdE','BEARER',2),(413,_binary '',_binary '','eyJhbGciOiJIUzI1NiJ9.eyJzdWIiOiJhZG1pbkBnbWFpbC5jb20iLCJpYXQiOjE3MTU4NjEzNzksImV4cCI6MTcxNTg2MTY3OX0.VsxvXyVKAjfUprOhd4J04g_x-aBUX9r2m9WRtqZcvNQ','BEARER',2),(414,_binary '',_binary '','eyJhbGciOiJIUzI1NiJ9.eyJzdWIiOiJhZG1pbkBnbWFpbC5jb20iLCJpYXQiOjE3MTU4NjE1NTksImV4cCI6MTcxNTg2MTg1OX0.3DolqxHh1ZLnvWBI40DVcT-lS_CdOG6iVGPvoNXF6nY','BEARER',2),(415,_binary '',_binary '','eyJhbGciOiJIUzI1NiJ9.eyJzdWIiOiJhZG1pbkBnbWFpbC5jb20iLCJpYXQiOjE3MTU4NjE1ODgsImV4cCI6MTcxNTg2MTg4OH0.2PHTn0JuPwiS-TI92ENUDMHtACzh_-XiAXZYGxylWfc','BEARER',2),(416,_binary '',_binary '','eyJhbGciOiJIUzI1NiJ9.eyJzdWIiOiJhZG1pbkBnbWFpbC5jb20iLCJpYXQiOjE3MTU4NjE2MzAsImV4cCI6MTcxNTg2MTkzMH0.ZfuMNTzLQV89Kq0sWWsWv8XCuMKrLfM18z8tpMLEp6E','BEARER',2),(417,_binary '',_binary '','eyJhbGciOiJIUzI1NiJ9.eyJzdWIiOiJhZG1pbkBnbWFpbC5jb20iLCJpYXQiOjE3MTU4NjE2NDMsImV4cCI6MTcxNTg2MTk0M30.wiKphS2E4VKzRpbNKVbQPqQjEFG8g6LrHMbPJOUrV4A','BEARER',2),(418,_binary '',_binary '','eyJhbGciOiJIUzI1NiJ9.eyJzdWIiOiJoYXJyeUBnbWFpbC5jb20iLCJpYXQiOjE3MTU4NjE5NDgsImV4cCI6MTcxNTg2MjI0OH0.vLPGhMo0lOe8nkY3g6vEBP4UFIOEyuGTeXw-_kiClm4','BEARER',3),(419,_binary '',_binary '','eyJhbGciOiJIUzI1NiJ9.eyJzdWIiOiJoYXJyeUBnbWFpbC5jb20iLCJpYXQiOjE3MTU4NjE5NjQsImV4cCI6MTcxNTg2MjI2NH0.T8MND1hVP-rV2LY_VKsX7bDB0uBPo_twGjWPI560LoE','BEARER',3),(420,_binary '',_binary '','eyJhbGciOiJIUzI1NiJ9.eyJzdWIiOiJhZG1pbkBnbWFpbC5jb20iLCJpYXQiOjE3MTU4NjE5NzUsImV4cCI6MTcxNTg2MjI3NX0.qeah-bwANq2zeAE__MfUF5LQX9S-ogHJgdLFgxh4C3E','BEARER',2),(421,_binary '',_binary '','eyJhbGciOiJIUzI1NiJ9.eyJzdWIiOiJhZG1pbkBnbWFpbC5jb20iLCJpYXQiOjE3MTU4NjE5ODIsImV4cCI6MTcxNTg2MjI4Mn0.dfl2QcFz5cZL7jWVLFJyicTxYP9xA3mxxahrZmsjfis','BEARER',2),(422,_binary '',_binary '','eyJhbGciOiJIUzI1NiJ9.eyJzdWIiOiJhZG1pbkBnbWFpbC5jb20iLCJpYXQiOjE3MTU4NjIwODMsImV4cCI6MTcxNTg2MjM4M30.iKonIVrjwNuRganNYV5ba8Nd2gwSdZJo2N5rl8t7TcQ','BEARER',2),(423,_binary '',_binary '','eyJhbGciOiJIUzI1NiJ9.eyJzdWIiOiJhZG1pbkBnbWFpbC5jb20iLCJpYXQiOjE3MTU4NjIxNjIsImV4cCI6MTcxNTg2MjQ2Mn0.GxDXHMqOFxJXY99o7JN9HtS-g_k0DAa8x7HHXyEioto','BEARER',2),(424,_binary '',_binary '','eyJhbGciOiJIUzI1NiJ9.eyJzdWIiOiJhZG1pbkBnbWFpbC5jb20iLCJpYXQiOjE3MTU4NjIyNjQsImV4cCI6MTcxNTg2MjU2NH0.fVwLrX4XwzxpuVfKyBGMumlF9Bwdky5PR0HjNQt_Vg8','BEARER',2),(425,_binary '',_binary '','eyJhbGciOiJIUzI1NiJ9.eyJzdWIiOiJhZG1pbkBnbWFpbC5jb20iLCJpYXQiOjE3MTU4NjIzNDIsImV4cCI6MTcxNTg2MjY0Mn0.wT7GGm_ODmv9MgW5VtQ0GkPbC3qROpLSUQDHaCAMPfQ','BEARER',2),(426,_binary '',_binary '','eyJhbGciOiJIUzI1NiJ9.eyJzdWIiOiJhZG1pbkBnbWFpbC5jb20iLCJpYXQiOjE3MTU4NjI0NDUsImV4cCI6MTcxNTg2Mjc0NX0.UgYia6_4MNRgCqU_BVruXObF3KbXocjEOqR4XmVWC68','BEARER',2),(427,_binary '',_binary '','eyJhbGciOiJIUzI1NiJ9.eyJzdWIiOiJhZG1pbkBnbWFpbC5jb20iLCJpYXQiOjE3MTU4NjI0NzYsImV4cCI6MTcxNTg2Mjc3Nn0.GpAD-EyTyLcMmU1eEfqloy71AMaqypGjRDYXQQLhZ44','BEARER',2),(428,_binary '',_binary '','eyJhbGciOiJIUzI1NiJ9.eyJzdWIiOiJhZG1pbkBnbWFpbC5jb20iLCJpYXQiOjE3MTU4NjI0NzcsImV4cCI6MTcxNTg2Mjc3N30.pqxDn-WdpOkudPGtQlHDBTmo9RnHxEKNlS5pcKKmOms','BEARER',2),(429,_binary '',_binary '','eyJhbGciOiJIUzI1NiJ9.eyJzdWIiOiJhZG1pbkBnbWFpbC5jb20iLCJpYXQiOjE3MTU4NjI1MDAsImV4cCI6MTcxNTg2MjgwMH0.QAyLY3qTXNkaYu9jXgrP8d9zzXV4kLxEd48Xl5slODY','BEARER',2),(430,_binary '',_binary '','eyJhbGciOiJIUzI1NiJ9.eyJzdWIiOiJhZG1pbkBnbWFpbC5jb20iLCJpYXQiOjE3MTU4NjI1MDEsImV4cCI6MTcxNTg2MjgwMX0.5gRFWT5jGVMKoZe8y1-wwbsDoCmV0Lhsuv4kas0dlU4','BEARER',2),(431,_binary '',_binary '','eyJhbGciOiJIUzI1NiJ9.eyJzdWIiOiJhZG1pbkBnbWFpbC5jb20iLCJpYXQiOjE3MTU4NjI1MDgsImV4cCI6MTcxNTg2MjgwOH0.4xMpPoNvrBJBcWQ0nBG9_DGyvlmQ6o6XX40aEF5P7sQ','BEARER',2),(432,_binary '',_binary '','eyJhbGciOiJIUzI1NiJ9.eyJzdWIiOiJhZG1pbkBnbWFpbC5jb20iLCJpYXQiOjE3MTU4NjI1MDksImV4cCI6MTcxNTg2MjgwOX0.I2dgUfm0aZpGJXqB43yNa-yP-zVAMhpVAfZ9BUjOqqs','BEARER',2),(433,_binary '',_binary '','eyJhbGciOiJIUzI1NiJ9.eyJzdWIiOiJhZG1pbkBnbWFpbC5jb20iLCJpYXQiOjE3MTU4NjI2MjYsImV4cCI6MTcxNTg2MjkyNn0.A4jmyn4P53_Ciy1X7veiJNvJdghdqEYnpv7lqt1K5Pc','BEARER',2),(434,_binary '',_binary '','eyJhbGciOiJIUzI1NiJ9.eyJzdWIiOiJhZG1pbkBnbWFpbC5jb20iLCJpYXQiOjE3MTU4NjI2MjcsImV4cCI6MTcxNTg2MjkyN30.2aNnIe1cfcs_jMO_7R96p9IzwsdAAt0AXmA72NMvjE4','BEARER',2),(435,_binary '',_binary '','eyJhbGciOiJIUzI1NiJ9.eyJzdWIiOiJhZG1pbkBnbWFpbC5jb20iLCJpYXQiOjE3MTU4NjI2MzEsImV4cCI6MTcxNTg2MjkzMX0.W8AQVR3i1ZUlF6CYo7nu7TygZD2nhIbMwGTHesJRuQk','BEARER',2),(436,_binary '',_binary '','eyJhbGciOiJIUzI1NiJ9.eyJzdWIiOiJhZG1pbkBnbWFpbC5jb20iLCJpYXQiOjE3MTU4NjI2MzIsImV4cCI6MTcxNTg2MjkzMn0.dYqCV2OFg6GraBre07nFlJinMxLLWVAJ8rSaSYrB7IE','BEARER',2),(437,_binary '',_binary '','eyJhbGciOiJIUzI1NiJ9.eyJzdWIiOiJhZG1pbkBnbWFpbC5jb20iLCJpYXQiOjE3MTU4NjI2MzksImV4cCI6MTcxNTg2MjkzOX0.PZLeKpcg1EpEb6HHjmtr_l20cC2FrLkgOufwxN3-bmk','BEARER',2),(438,_binary '',_binary '','eyJhbGciOiJIUzI1NiJ9.eyJzdWIiOiJhZG1pbkBnbWFpbC5jb20iLCJpYXQiOjE3MTU4NjI2NDEsImV4cCI6MTcxNTg2Mjk0MX0.kJydq7LZ1fjwpNlsFkMc7lCMRucn-kvWw6Ll7XIkN2U','BEARER',2),(439,_binary '',_binary '','eyJhbGciOiJIUzI1NiJ9.eyJzdWIiOiJhZG1pbkBnbWFpbC5jb20iLCJpYXQiOjE3MTU4NjI2NjksImV4cCI6MTcxNTg2Mjk2OX0._DxMfJ8-XtedxMMhtsKviDSFe5J5eKADPfmPrWS72A0','BEARER',2),(440,_binary '',_binary '','eyJhbGciOiJIUzI1NiJ9.eyJzdWIiOiJhZG1pbkBnbWFpbC5jb20iLCJpYXQiOjE3MTU4NjI2NzAsImV4cCI6MTcxNTg2Mjk3MH0.ERyUiFvz-T9FRmTSvRpltzRZx7TiySMtS7mo2WZdNrU','BEARER',2),(441,_binary '',_binary '','eyJhbGciOiJIUzI1NiJ9.eyJzdWIiOiJhZG1pbkBnbWFpbC5jb20iLCJpYXQiOjE3MTU4NjI2OTAsImV4cCI6MTcxNTg2Mjk5MH0.vw2DycCQasR2wjNTPC3vW7Cab_KiJ9LtwTYqqqNy2oo','BEARER',2),(442,_binary '',_binary '','eyJhbGciOiJIUzI1NiJ9.eyJzdWIiOiJhZG1pbkBnbWFpbC5jb20iLCJpYXQiOjE3MTU4NjI2OTEsImV4cCI6MTcxNTg2Mjk5MX0.JJlQToC-ncDPUsQNX7o8u9c9KPuQmQ3CINEn4Cchxl4','BEARER',2),(443,_binary '',_binary '','eyJhbGciOiJIUzI1NiJ9.eyJzdWIiOiJhZG1pbkBnbWFpbC5jb20iLCJpYXQiOjE3MTU4NjI3MTAsImV4cCI6MTcxNTg2MzAxMH0.2V4TCgXcSO-ZqAqerqtMY5ANUXvtOtMtd4Pu-aKzmAw','BEARER',2),(444,_binary '',_binary '','eyJhbGciOiJIUzI1NiJ9.eyJzdWIiOiJhZG1pbkBnbWFpbC5jb20iLCJpYXQiOjE3MTU4NjI3MTEsImV4cCI6MTcxNTg2MzAxMX0.McXcw7lIaZFBDxxHIxJlggu75zVAkdMBK9V_K8N-KhU','BEARER',2),(445,_binary '',_binary '','eyJhbGciOiJIUzI1NiJ9.eyJzdWIiOiJhZG1pbkBnbWFpbC5jb20iLCJpYXQiOjE3MTU4NjI3MjAsImV4cCI6MTcxNTg2MzAyMH0.Do1JzwqP_ufzR-z_fWbqGjjpKwotenow9qcRBlhyd54','BEARER',2),(446,_binary '',_binary '','eyJhbGciOiJIUzI1NiJ9.eyJzdWIiOiJhZG1pbkBnbWFpbC5jb20iLCJpYXQiOjE3MTU4NjI3MjEsImV4cCI6MTcxNTg2MzAyMX0.d3-5LCcb-nQbDQOG7UBiSynvbf3eQQ5oynKjrpqSTu8','BEARER',2),(447,_binary '',_binary '','eyJhbGciOiJIUzI1NiJ9.eyJzdWIiOiJhZG1pbkBnbWFpbC5jb20iLCJpYXQiOjE3MTU4NjI3MjYsImV4cCI6MTcxNTg2MzAyNn0.4jPw1uZYjvPAxKcVgZi8tZa0uCrSvCb2QN8rSHIueAw','BEARER',2),(448,_binary '',_binary '','eyJhbGciOiJIUzI1NiJ9.eyJzdWIiOiJhZG1pbkBnbWFpbC5jb20iLCJpYXQiOjE3MTU4NjI3MjgsImV4cCI6MTcxNTg2MzAyOH0.WDmUacj9nqVPpiVuB1ApcuHY4myNvswcOM6JOwlroWI','BEARER',2),(449,_binary '',_binary '','eyJhbGciOiJIUzI1NiJ9.eyJzdWIiOiJhZG1pbkBnbWFpbC5jb20iLCJpYXQiOjE3MTU4NjI3NDgsImV4cCI6MTcxNTg2MzA0OH0.xR4j8GIbhKnBPOyMXTiu4ExqobOp7EQgGqx59GOvLU0','BEARER',2),(450,_binary '',_binary '','eyJhbGciOiJIUzI1NiJ9.eyJzdWIiOiJhZG1pbkBnbWFpbC5jb20iLCJpYXQiOjE3MTU4NjI3NTAsImV4cCI6MTcxNTg2MzA1MH0.GmNmi1iJaqNnRKTRohbD1T-J0ZkYzLovZYwBSQWg5cg','BEARER',2),(451,_binary '',_binary '','eyJhbGciOiJIUzI1NiJ9.eyJzdWIiOiJhZG1pbkBnbWFpbC5jb20iLCJpYXQiOjE3MTU4NjI4ODYsImV4cCI6MTcxNTg2MzE4Nn0.8Hb8sBj8bKkOzss0ewGfWjDXgJa2u5ehmR1IWeTAhsk','BEARER',2),(452,_binary '',_binary '','eyJhbGciOiJIUzI1NiJ9.eyJzdWIiOiJhZG1pbkBnbWFpbC5jb20iLCJpYXQiOjE3MTU4NjI5MzEsImV4cCI6MTcxNTg2MzIzMX0.sEve0fkxUVpngTxdn1DvcAyrkZSMykRsnOBjlO_1VPo','BEARER',2),(453,_binary '',_binary '','eyJhbGciOiJIUzI1NiJ9.eyJzdWIiOiJhZG1pbkBnbWFpbC5jb20iLCJpYXQiOjE3MTU4NjMwNjYsImV4cCI6MTcxNTg2MzM2Nn0.jR6sS_xotYkkdLNDRpiHuQyBNJahd_5Z4IGj5I_JxEc','BEARER',2),(454,_binary '',_binary '','eyJhbGciOiJIUzI1NiJ9.eyJzdWIiOiJhZG1pbkBnbWFpbC5jb20iLCJpYXQiOjE3MTU4NjMxMTIsImV4cCI6MTcxNTg2MzQxMn0.5G3AyBnC_5PQeed9hIzxHXbyU3KEDdfwAoP0nvhZQ6w','BEARER',2),(455,_binary '',_binary '','eyJhbGciOiJIUzI1NiJ9.eyJzdWIiOiJhZG1pbkBnbWFpbC5jb20iLCJpYXQiOjE3MTU4NjMxNTQsImV4cCI6MTcxNTg2MzQ1NH0.y8HqqAoLX3jJA6Ji9FUpVNGG1q4hyBlFlZTi9rhw4g8','BEARER',2),(456,_binary '',_binary '','eyJhbGciOiJIUzI1NiJ9.eyJzdWIiOiJhZG1pbkBnbWFpbC5jb20iLCJpYXQiOjE3MTU4NjMxNTUsImV4cCI6MTcxNTg2MzQ1NX0.rwT8vEZtGuss98_uQWwEzcEiJ8yKXI7EhHvDZ70xJ8w','BEARER',2),(457,_binary '',_binary '','eyJhbGciOiJIUzI1NiJ9.eyJzdWIiOiJhZG1pbkBnbWFpbC5jb20iLCJpYXQiOjE3MTU4NjMxODAsImV4cCI6MTcxNTg2MzQ4MH0.-0xfJz9vyf1QeKVhE7Eqgm0dDsBQuOKbms7mkNmYJ7s','BEARER',2),(458,_binary '',_binary '','eyJhbGciOiJIUzI1NiJ9.eyJzdWIiOiJhZG1pbkBnbWFpbC5jb20iLCJpYXQiOjE3MTU4NjMyNjksImV4cCI6MTcxNTg2MzU2OX0.9EzQYw1IEJkjH28rprLH2DTaqTiAOevzSLj0oW4ijjM','BEARER',2),(459,_binary '',_binary '','eyJhbGciOiJIUzI1NiJ9.eyJzdWIiOiJhZG1pbkBnbWFpbC5jb20iLCJpYXQiOjE3MTU4NjMzMzYsImV4cCI6MTcxNTg2MzYzNn0.uALI4H_aFGiQQUMk1GqrTgTOu4_RcMFqBlEPUUEoqns','BEARER',2),(460,_binary '',_binary '','eyJhbGciOiJIUzI1NiJ9.eyJzdWIiOiJhZG1pbkBnbWFpbC5jb20iLCJpYXQiOjE3MTU4NjMzMzcsImV4cCI6MTcxNTg2MzYzN30.hAXssySm7qo-Uo_tZVHdgotDV-zlvebhOIS9bNkoU40','BEARER',2),(461,_binary '',_binary '','eyJhbGciOiJIUzI1NiJ9.eyJzdWIiOiJhZG1pbkBnbWFpbC5jb20iLCJpYXQiOjE3MTU4NjMzMzgsImV4cCI6MTcxNTg2MzYzOH0.Ji-ZyFjeqVRH9U8j83r2mlQGh3p6i6iM_jKweLFthfo','BEARER',2),(462,_binary '',_binary '','eyJhbGciOiJIUzI1NiJ9.eyJzdWIiOiJhZG1pbkBnbWFpbC5jb20iLCJpYXQiOjE3MTU4NjM1MTksImV4cCI6MTcxNTg2MzgxOX0.sIaYc-1SzvGSvNRLERtNpcX3jTUCCY-0IWDiGc4Mtj0','BEARER',2),(463,_binary '',_binary '','eyJhbGciOiJIUzI1NiJ9.eyJzdWIiOiJhZG1pbkBnbWFpbC5jb20iLCJpYXQiOjE3MTU4NjM1MTksImV4cCI6MTcxNTg2MzgxOX0.sIaYc-1SzvGSvNRLERtNpcX3jTUCCY-0IWDiGc4Mtj0','BEARER',2),(464,_binary '',_binary '','eyJhbGciOiJIUzI1NiJ9.eyJzdWIiOiJhZG1pbkBnbWFpbC5jb20iLCJpYXQiOjE3MTU4NjM2NTAsImV4cCI6MTcxNTg2Mzk1MH0._FbivaB3fEw8M2EYv0bfOA4LjQqDEbvAbxmx7hnycXg','BEARER',2),(465,_binary '',_binary '','eyJhbGciOiJIUzI1NiJ9.eyJzdWIiOiJhZG1pbkBnbWFpbC5jb20iLCJpYXQiOjE3MTU4NjM2NzQsImV4cCI6MTcxNTg2Mzk3NH0.AsoFAY08fK_DyqKZCAo-hG_rs3YIjKdtYUrFgnUm_No','BEARER',2),(466,_binary '',_binary '','eyJhbGciOiJIUzI1NiJ9.eyJzdWIiOiJhZG1pbkBnbWFpbC5jb20iLCJpYXQiOjE3MTU4NjM3MDAsImV4cCI6MTcxNTg2NDAwMH0.be0S5CQbMwASsQQnuimOHfwmt439YHcr-8Ju5NmsFDY','BEARER',2),(467,_binary '',_binary '','eyJhbGciOiJIUzI1NiJ9.eyJzdWIiOiJhZG1pbkBnbWFpbC5jb20iLCJpYXQiOjE3MTU4NjM4ODEsImV4cCI6MTcxNTg2NDE4MX0.GRPqKPMWfZCqF2nM7Putf2_PcIvLM3yrDkXO1_wwv3w','BEARER',2),(468,_binary '',_binary '','eyJhbGciOiJIUzI1NiJ9.eyJzdWIiOiJhZG1pbkBnbWFpbC5jb20iLCJpYXQiOjE3MTU4NjM4ODIsImV4cCI6MTcxNTg2NDE4Mn0.D4_ZeyNS-7EmYFirhlg5q8RpzozhVGeTGYc1pyXPvQ4','BEARER',2),(469,_binary '',_binary '','eyJhbGciOiJIUzI1NiJ9.eyJzdWIiOiJhZG1pbkBnbWFpbC5jb20iLCJpYXQiOjE3MTU4NjQwNjIsImV4cCI6MTcxNTg2NDM2Mn0.3xAxAq8IHYrjgVvau-_1PK4_8dQZdUh6HEaSdmq_2d4','BEARER',2),(470,_binary '',_binary '','eyJhbGciOiJIUzI1NiJ9.eyJzdWIiOiJhZG1pbkBnbWFpbC5jb20iLCJpYXQiOjE3MTU4NjQwNjIsImV4cCI6MTcxNTg2NDM2Mn0.3xAxAq8IHYrjgVvau-_1PK4_8dQZdUh6HEaSdmq_2d4','BEARER',2),(471,_binary '',_binary '','eyJhbGciOiJIUzI1NiJ9.eyJzdWIiOiJhZG1pbkBnbWFpbC5jb20iLCJpYXQiOjE3MTU4NjQyMzUsImV4cCI6MTcxNTg2NDUzNX0.lLLz-Gcaw8RENmVe-T5bq1hg3xythsF4DzoXpi7zZac','BEARER',2),(472,_binary '',_binary '','eyJhbGciOiJIUzI1NiJ9.eyJzdWIiOiJhZG1pbkBnbWFpbC5jb20iLCJpYXQiOjE3MTU4NjQyNDMsImV4cCI6MTcxNTg2NDU0M30.D0UPAWXtbYwlKgsbHzQIq70uahW8Chf6i1NCfnzBa5o','BEARER',2),(473,_binary '',_binary '','eyJhbGciOiJIUzI1NiJ9.eyJzdWIiOiJhZG1pbkBnbWFpbC5jb20iLCJpYXQiOjE3MTU4NjQ0MTUsImV4cCI6MTcxNTg2NDcxNX0.2cuQbUr6TpU2Isns8kRCxVUyyl10SRYo6THvPoMmn00','BEARER',2),(474,_binary '',_binary '','eyJhbGciOiJIUzI1NiJ9.eyJzdWIiOiJhZG1pbkBnbWFpbC5jb20iLCJpYXQiOjE3MTU4NjQ0MjQsImV4cCI6MTcxNTg2NDcyNH0.0EGmd1nOUZDXUq_VPT_2JL5ZxOPDzGgRuA-gOaLSePQ','BEARER',2),(475,_binary '',_binary '','eyJhbGciOiJIUzI1NiJ9.eyJzdWIiOiJoYXJyeUBnbWFpbC5jb20iLCJpYXQiOjE3MTU4NjQ0NDcsImV4cCI6MTcxNTg2NDc0N30.WRO27wZSVV4qtstyLdKZK5Xq1XvXnTFONewU2nnsBes','BEARER',3),(476,_binary '',_binary '','eyJhbGciOiJIUzI1NiJ9.eyJzdWIiOiJoYXJyeUBnbWFpbC5jb20iLCJpYXQiOjE3MTU4NjQ1MTQsImV4cCI6MTcxNTg2NDgxNH0.21Yx2obY3-9lCNGafSHZaO-7MBvVjgd_-MaZghc6XXU','BEARER',3),(477,_binary '',_binary '','eyJhbGciOiJIUzI1NiJ9.eyJzdWIiOiJhZG1pbkBnbWFpbC5jb20iLCJpYXQiOjE3MTU4NjQ1MzgsImV4cCI6MTcxNTg2NDgzOH0.Ojtqbd8JunUknrRLQCnef37TS0cqbuscHALjA7kDwo4','BEARER',2),(478,_binary '',_binary '','eyJhbGciOiJIUzI1NiJ9.eyJzdWIiOiJhZG1pbkBnbWFpbC5jb20iLCJpYXQiOjE3MTU4NjQ1NDEsImV4cCI6MTcxNTg2NDg0MX0.vDeEsYGJmTr3d5tIXiYQpMIK9MOG1Orzor5yfkB5Q1o','BEARER',2),(479,_binary '',_binary '','eyJhbGciOiJIUzI1NiJ9.eyJzdWIiOiJhZG1pbkBnbWFpbC5jb20iLCJpYXQiOjE3MTU4NjQ1ODEsImV4cCI6MTcxNTg2NDg4MX0.Uiaa6PFmy-rEXVYd-J0bJ6X76rGoldhQKzXNCRdh0ms','BEARER',2),(480,_binary '',_binary '','eyJhbGciOiJIUzI1NiJ9.eyJzdWIiOiJhZG1pbkBnbWFpbC5jb20iLCJpYXQiOjE3MTU4NjQ1ODYsImV4cCI6MTcxNTg2NDg4Nn0.4PLih3LPsC_8iLspk-4x7hhQP9FPEWSYANyLB40Cr7s','BEARER',2),(481,_binary '',_binary '','eyJhbGciOiJIUzI1NiJ9.eyJzdWIiOiJhZG1pbkBnbWFpbC5jb20iLCJpYXQiOjE3MTU4NjQ2MDUsImV4cCI6MTcxNTg2NDkwNX0.hkOYjmlkEAMhsRKVtTz1Qb4ir-mKvwsBneYDwQT6yr8','BEARER',2),(482,_binary '',_binary '','eyJhbGciOiJIUzI1NiJ9.eyJzdWIiOiJhZG1pbkBnbWFpbC5jb20iLCJpYXQiOjE3MTU4NjQ2NzMsImV4cCI6MTcxNTg2NDk3M30.507FiL4cjeLjvGfB6etyafSLl1et0CJXqYjd9EQ__98','BEARER',2),(483,_binary '',_binary '','eyJhbGciOiJIUzI1NiJ9.eyJzdWIiOiJhZG1pbkBnbWFpbC5jb20iLCJpYXQiOjE3MTU4NjQ3ODYsImV4cCI6MTcxNTg2NTA4Nn0.cAxS1wCRGtv0JAToZ3kiScKAjhQ7fSi8oUUp9RDPl38','BEARER',2),(484,_binary '',_binary '','eyJhbGciOiJIUzI1NiJ9.eyJzdWIiOiJhZG1pbkBnbWFpbC5jb20iLCJpYXQiOjE3MTU4NjUwMDYsImV4cCI6MTcxNTg2NTMwNn0.1Qsdqg44KGH3sf1S7oC3G5JI4fEja3dgpAZqaXLRF3U','BEARER',2),(485,_binary '',_binary '','eyJhbGciOiJIUzI1NiJ9.eyJzdWIiOiJhZG1pbkBnbWFpbC5jb20iLCJpYXQiOjE3MTU4NjUwMDgsImV4cCI6MTcxNTg2NTMwOH0.G3ys7K25rsP3NeHhC6gGw7g12cbIETtP9EYw9X_qoPg','BEARER',2),(486,_binary '',_binary '','eyJhbGciOiJIUzI1NiJ9.eyJzdWIiOiJhZG1pbkBnbWFpbC5jb20iLCJpYXQiOjE3MTU4NjUwMzAsImV4cCI6MTcxNTg2NTMzMH0.polUamSjmYqvoeO1jHFu6iVoKuhb9CjRaNtpBdvej-4','BEARER',2),(487,_binary '',_binary '','eyJhbGciOiJIUzI1NiJ9.eyJzdWIiOiJhZG1pbkBnbWFpbC5jb20iLCJpYXQiOjE3MTU4NjUwMzMsImV4cCI6MTcxNTg2NTMzM30.m7z9oSJFKrKUwG6Lk4uqerMYfJ9n6GatKCc2mtTaLDM','BEARER',2),(488,_binary '',_binary '','eyJhbGciOiJIUzI1NiJ9.eyJzdWIiOiJhZG1pbkBnbWFpbC5jb20iLCJpYXQiOjE3MTU4NjUyNDMsImV4cCI6MTcxNTg2NTU0M30.mM6IhQYHQJdpNikLpgxhw1jIqGGGoEGplhyDVPgoVBM','BEARER',2),(489,_binary '',_binary '','eyJhbGciOiJIUzI1NiJ9.eyJzdWIiOiJhZG1pbkBnbWFpbC5jb20iLCJpYXQiOjE3MTU4NjUyNDcsImV4cCI6MTcxNTg2NTU0N30.E43ft1EiDIFHGl6k7vhiUSXUro__q8yAyKtt_KypKAU','BEARER',2),(490,_binary '',_binary '','eyJhbGciOiJIUzI1NiJ9.eyJzdWIiOiJhZG1pbkBnbWFpbC5jb20iLCJpYXQiOjE3MTU4NjUyNTIsImV4cCI6MTcxNTg2NTU1Mn0.k3OFJgxqaz4Dl3akl-d8CSu5ns8LZkeL05Rd6J2TlGE','BEARER',2),(491,_binary '',_binary '','eyJhbGciOiJIUzI1NiJ9.eyJzdWIiOiJoYXJyeUBnbWFpbC5jb20iLCJpYXQiOjE3MTU4NjUyOTcsImV4cCI6MTcxNTg2NTU5N30.k1Btw5t2BRVAajseH4W_qySPheo86yCqPYPDz-TWpGw','BEARER',3),(492,_binary '',_binary '','eyJhbGciOiJIUzI1NiJ9.eyJzdWIiOiJoYXJyeUBnbWFpbC5jb20iLCJpYXQiOjE3MTU4NjUzMTAsImV4cCI6MTcxNTg2NTYxMH0.kXdKxC1wpP_Baioa_Z33sQlLQU2DaU_inzBUHP-gu44','BEARER',3),(493,_binary '',_binary '','eyJhbGciOiJIUzI1NiJ9.eyJzdWIiOiJoYXJyeUBnbWFpbC5jb20iLCJpYXQiOjE3MTU4NjUzNzcsImV4cCI6MTcxNTg2NTY3N30.9IoPzT0KOTTJqZettdLHl51iInjAVgOZuu3n9LhYDSs','BEARER',3),(494,_binary '',_binary '','eyJhbGciOiJIUzI1NiJ9.eyJzdWIiOiJhZG1pbkBnbWFpbC5jb20iLCJpYXQiOjE3MTU4NjU0MjQsImV4cCI6MTcxNTg2NTcyNH0.kgWtfqrV_RUTok7sLO_m1lXDBxmOiDrhAi0yw1cRGQM','BEARER',2),(495,_binary '',_binary '','eyJhbGciOiJIUzI1NiJ9.eyJzdWIiOiJhZG1pbkBnbWFpbC5jb20iLCJpYXQiOjE3MTU4NjU0NTIsImV4cCI6MTcxNTg2NTc1Mn0.7W_QxIz2mHNoAReAl9oLyBnEcR4iiZqBMo_Uxq63BBE','BEARER',2),(496,_binary '',_binary '','eyJhbGciOiJIUzI1NiJ9.eyJzdWIiOiJoYXJyeUBnbWFpbC5jb20iLCJpYXQiOjE3MTU4NjU0NjcsImV4cCI6MTcxNTg2NTc2N30.AuXZTMbSuLzA5WTCkIDSnBBb-lp0EiMtuGpphFeeIo0','BEARER',3),(497,_binary '',_binary '','eyJhbGciOiJIUzI1NiJ9.eyJzdWIiOiJoYXJyeUBnbWFpbC5jb20iLCJpYXQiOjE3MTU4NjU1MTcsImV4cCI6MTcxNTg2NTgxN30.LXo_LdfbrlBqAd3IHmQEftbfaE619ZpnvoYjalHQlG4','BEARER',3),(498,_binary '',_binary '','eyJhbGciOiJIUzI1NiJ9.eyJzdWIiOiJoYXJyeUBnbWFpbC5jb20iLCJpYXQiOjE3MTU4NjU1MTgsImV4cCI6MTcxNTg2NTgxOH0.87NjfwQk6X2NZAJ4S8C1IJKBZaNaD1ZbM94UyJ7j7cY','BEARER',3),(499,_binary '',_binary '','eyJhbGciOiJIUzI1NiJ9.eyJzdWIiOiJoYXJyeUBnbWFpbC5jb20iLCJpYXQiOjE3MTU4NzI1ODgsImV4cCI6MTcxNTg3Mjg4OH0.x_m1jY0ta7YTmgZ883eMuTp_099SQWxDu_PRUEfmZe0','BEARER',3),(500,_binary '',_binary '','eyJhbGciOiJIUzI1NiJ9.eyJzdWIiOiJhZG1pbkBnbWFpbC5jb20iLCJpYXQiOjE3MTU4NzI2NTksImV4cCI6MTcxNTg3Mjk1OX0.7gU1AS4YJAR2WpZKufEPVvXxubgl9SU0TvVmNuQ1vsg','BEARER',2),(501,_binary '',_binary '','eyJhbGciOiJIUzI1NiJ9.eyJzdWIiOiJhZG1pbkBnbWFpbC5jb20iLCJpYXQiOjE3MTU4NzI5NTIsImV4cCI6MTcxNTg3MzI1Mn0.kpQVLuFSMD-Mg4kEek04CUBRsuhVDpCGnYL0WLRU5nw','BEARER',2),(502,_binary '',_binary '','eyJhbGciOiJIUzI1NiJ9.eyJzdWIiOiJhZG1pbkBnbWFpbC5jb20iLCJpYXQiOjE3MTU4NzI5NTUsImV4cCI6MTcxNTg3MzI1NX0.oq5X9KkypkGMNFr6GvxYexP5iwbRhDFTooUtFtfI9rk','BEARER',2),(503,_binary '',_binary '','eyJhbGciOiJIUzI1NiJ9.eyJzdWIiOiJhZG1pbkBnbWFpbC5jb20iLCJpYXQiOjE3MTU4NzI5NzksImV4cCI6MTcxNTg3MzI3OX0.vpy6NgewQg7OxmpqPrMAosBdzrYRwE4kuIIVcJvVhuE','BEARER',2),(504,_binary '',_binary '','eyJhbGciOiJIUzI1NiJ9.eyJzdWIiOiJhZG1pbkBnbWFpbC5jb20iLCJpYXQiOjE3MTU4NzMwMDMsImV4cCI6MTcxNTg3MzMwM30.2-ooo_qDTwLyDxQSKeTxGu2C825frV33MTsmNp3QE_E','BEARER',2),(505,_binary '',_binary '','eyJhbGciOiJIUzI1NiJ9.eyJzdWIiOiJhZG1pbkBnbWFpbC5jb20iLCJpYXQiOjE3MTU4NzMwMTIsImV4cCI6MTcxNTg3MzMxMn0.q0G8VjFL9rIwSblrSsyrTXOttCj5edFu5Y2Xo_hC_FY','BEARER',2),(506,_binary '',_binary '','eyJhbGciOiJIUzI1NiJ9.eyJzdWIiOiJhZG1pbkBnbWFpbC5jb20iLCJpYXQiOjE3MTU4NzMwMjIsImV4cCI6MTcxNTg3MzMyMn0.Pl47xVI4eNNOg09Yp066EbHNb4GkaXsxrW8WO8BQ6yM','BEARER',2),(507,_binary '',_binary '','eyJhbGciOiJIUzI1NiJ9.eyJzdWIiOiJhZG1pbkBnbWFpbC5jb20iLCJpYXQiOjE3MTU4NzMxMDUsImV4cCI6MTcxNTg3MzQwNX0.wjQ7yku5uyzc5BaeRVN9zNtXO_vMQt7V1mn0tcytm68','BEARER',2),(508,_binary '',_binary '','eyJhbGciOiJIUzI1NiJ9.eyJzdWIiOiJhZG1pbkBnbWFpbC5jb20iLCJpYXQiOjE3MTU4NzMxMjEsImV4cCI6MTcxNTg3MzQyMX0.eE4kHS9DKU0ywecV30IQZarTIPAIW8v3WIVUyh6Y_QQ','BEARER',2),(509,_binary '',_binary '','eyJhbGciOiJIUzI1NiJ9.eyJzdWIiOiJhZG1pbkBnbWFpbC5jb20iLCJpYXQiOjE3MTU4NzMxMjYsImV4cCI6MTcxNTg3MzQyNn0.2ikKF8yPLZptHmv18ACQnOfuciTUXmVniCHu0bbLoKM','BEARER',2),(510,_binary '',_binary '','eyJhbGciOiJIUzI1NiJ9.eyJzdWIiOiJhZG1pbkBnbWFpbC5jb20iLCJpYXQiOjE3MTU4NzMxMzYsImV4cCI6MTcxNTg3MzQzNn0.S6nQWSmDpMuEBt2_ROWSrvBIeNINMk3yeRjO8juGflE','BEARER',2),(511,_binary '',_binary '','eyJhbGciOiJIUzI1NiJ9.eyJzdWIiOiJhZG1pbkBnbWFpbC5jb20iLCJpYXQiOjE3MTU4NzMxNDUsImV4cCI6MTcxNTg3MzQ0NX0.Nmh4geXc0nPXSB7tEulnG6-8390uM67ebF8BMDhPJpM','BEARER',2),(512,_binary '',_binary '','eyJhbGciOiJIUzI1NiJ9.eyJzdWIiOiJhZG1pbkBnbWFpbC5jb20iLCJpYXQiOjE3MTU4NzMxNjMsImV4cCI6MTcxNTg3MzQ2M30.yP7i6YJUYy1Ohy_T0eAqo975B6NqCu93NtgOSDQgh7o','BEARER',2),(513,_binary '',_binary '','eyJhbGciOiJIUzI1NiJ9.eyJzdWIiOiJhZG1pbkBnbWFpbC5jb20iLCJpYXQiOjE3MTU4NzMxNzMsImV4cCI6MTcxNTg3MzQ3M30.-yJkEFSQOzQT1rdeQSpb900ADceKxIF5gF7urKGbDuc','BEARER',2),(514,_binary '',_binary '','eyJhbGciOiJIUzI1NiJ9.eyJzdWIiOiJhZG1pbkBnbWFpbC5jb20iLCJpYXQiOjE3MTU4NzMyMDQsImV4cCI6MTcxNTg3MzUwNH0.ZTGNZy3cE9HMSUeVRHqXKzmLz3ZqbKi9bPE5AgIxlks','BEARER',2),(515,_binary '',_binary '','eyJhbGciOiJIUzI1NiJ9.eyJzdWIiOiJhZG1pbkBnbWFpbC5jb20iLCJpYXQiOjE3MTU4NzMyMDcsImV4cCI6MTcxNTg3MzUwN30.kPg0BCWcpAqBlnqQ_ZHZLSc_H00E9IkXtt9hZZctqaY','BEARER',2),(516,_binary '',_binary '','eyJhbGciOiJIUzI1NiJ9.eyJzdWIiOiJhZG1pbkBnbWFpbC5jb20iLCJpYXQiOjE3MTU4NzMyMjgsImV4cCI6MTcxNTg3MzUyOH0.ZXC2vTKd2wspfCMvTeDSrNTdmQiMT1q1MLMEY0HoL90','BEARER',2),(517,_binary '',_binary '','eyJhbGciOiJIUzI1NiJ9.eyJzdWIiOiJhZG1pbkBnbWFpbC5jb20iLCJpYXQiOjE3MTU4NzMyNjUsImV4cCI6MTcxNTg3MzU2NX0.HiDJpbVV99kPgLIglJXWOZOGZKjKuXnwvgFxiIWfv_o','BEARER',2),(518,_binary '',_binary '','eyJhbGciOiJIUzI1NiJ9.eyJzdWIiOiJhZG1pbkBnbWFpbC5jb20iLCJpYXQiOjE3MTU4NzMyODAsImV4cCI6MTcxNTg3MzU4MH0.FbwbuTN9nUwjAOZHhYZkLjzfS_FWJ8BZk18HSuq7-Rk','BEARER',2),(519,_binary '',_binary '','eyJhbGciOiJIUzI1NiJ9.eyJzdWIiOiJhZG1pbkBnbWFpbC5jb20iLCJpYXQiOjE3MTU4NzMzMTMsImV4cCI6MTcxNTg3MzYxM30.ZPXA5uzs_RWxCMjBZN0bwgTB7O9cmhBMde64Dv7WRko','BEARER',2),(520,_binary '',_binary '','eyJhbGciOiJIUzI1NiJ9.eyJzdWIiOiJhZG1pbkBnbWFpbC5jb20iLCJpYXQiOjE3MTU4NzMzNDYsImV4cCI6MTcxNTg3MzY0Nn0.M7NIBPqjJG2ExZzUoD-uWIBvHcSquzGMOwOb0ZHJYFk','BEARER',2),(521,_binary '',_binary '','eyJhbGciOiJIUzI1NiJ9.eyJzdWIiOiJhZG1pbkBnbWFpbC5jb20iLCJpYXQiOjE3MTU4NzM0NjIsImV4cCI6MTcxNTg3Mzc2Mn0.3bAlmR1Uc8qdLaWcwG4yalWo9cA3o-ibgomOCaSUS80','BEARER',2),(522,_binary '',_binary '','eyJhbGciOiJIUzI1NiJ9.eyJzdWIiOiJhZG1pbkBnbWFpbC5jb20iLCJpYXQiOjE3MTU4NzM1MTEsImV4cCI6MTcxNTg3MzgxMX0.fK6n0DoaiNn9MOM7Uhb7xa_UcFrdFzkh3W7fxirZ04I','BEARER',2),(523,_binary '',_binary '','eyJhbGciOiJIUzI1NiJ9.eyJzdWIiOiJhZG1pbkBnbWFpbC5jb20iLCJpYXQiOjE3MTU4NzM1MzAsImV4cCI6MTcxNTg3MzgzMH0.vjDCU09lmdaWzXWxSiB5wQUWTIoU8aX6XZFUJw06wDc','BEARER',2),(524,_binary '',_binary '','eyJhbGciOiJIUzI1NiJ9.eyJzdWIiOiJhZG1pbkBnbWFpbC5jb20iLCJpYXQiOjE3MTU4NzM1NTUsImV4cCI6MTcxNTg3Mzg1NX0.xLkFDuYwVA0O_Bx_vXKHG__elGDmyFnzVTZuN9853SQ','BEARER',2),(525,_binary '',_binary '','eyJhbGciOiJIUzI1NiJ9.eyJzdWIiOiJoYXJyeUBnbWFpbC5jb20iLCJpYXQiOjE3MTU4NzM2MjcsImV4cCI6MTcxNTg3MzkyN30.3eZlP_uRWEo7B283yeHTJIuP78LQnMqAsQx7hGHTxaM','BEARER',3),(526,_binary '',_binary '','eyJhbGciOiJIUzI1NiJ9.eyJzdWIiOiJoYXJyeUBnbWFpbC5jb20iLCJpYXQiOjE3MTU4NzM2NDUsImV4cCI6MTcxNTg3Mzk0NX0.zAjkwWZgAi79KRBPgV1R5GoYfPHIOWUFYCPZP7hKwL0','BEARER',3),(527,_binary '',_binary '','eyJhbGciOiJIUzI1NiJ9.eyJzdWIiOiJoYXJyeUBnbWFpbC5jb20iLCJpYXQiOjE3MTU4NzM3MTcsImV4cCI6MTcxNTg3NDAxN30.L25kYqh8kFdnIx5gFk0ssMuxtJ4SEokSuWdZlO0gYkI','BEARER',3),(528,_binary '\0',_binary '\0','eyJhbGciOiJIUzI1NiJ9.eyJzdWIiOiJoYXJyeUBnbWFpbC5jb20iLCJpYXQiOjE3MTU4NzM3MjEsImV4cCI6MTcxNTg3NDAyMX0.4FKLwtt38zqKzePvI4P3Q1JkAVMqQQ_QYk1tuh0mbU8','BEARER',3),(529,_binary '',_binary '','eyJhbGciOiJIUzI1NiJ9.eyJzdWIiOiJhZG1pbkBnbWFpbC5jb20iLCJpYXQiOjE3MTU4NzM3NDgsImV4cCI6MTcxNTg3NDA0OH0.ZeCDsqoA5n4BdTClk5jss-F3bCHLyBsicOhM55BGT3U','BEARER',2),(530,_binary '',_binary '','eyJhbGciOiJIUzI1NiJ9.eyJzdWIiOiJhZG1pbkBnbWFpbC5jb20iLCJpYXQiOjE3MTU4NzM3NTEsImV4cCI6MTcxNTg3NDA1MX0.8Q-h0w6mVzDNQMx_uO_HFXn0KRsKarXkS9JKEL5Whh4','BEARER',2),(531,_binary '',_binary '','eyJhbGciOiJIUzI1NiJ9.eyJzdWIiOiJhZG1pbkBnbWFpbC5jb20iLCJpYXQiOjE3MTU4NzM4MjksImV4cCI6MTcxNTg3NDEyOX0.UNk29GJdGs_ojnZ_pn7CdsZwogwL-uC4sOnxFkBWNwU','BEARER',2),(532,_binary '',_binary '','eyJhbGciOiJIUzI1NiJ9.eyJzdWIiOiJhZG1pbkBnbWFpbC5jb20iLCJpYXQiOjE3MTU4NzM4ODQsImV4cCI6MTcxNTg3NDE4NH0.G9VoYyzeQ1EXI6X5SBPSKt9OaiP8ILsYGoBrOoqsK2s','BEARER',2),(533,_binary '',_binary '','eyJhbGciOiJIUzI1NiJ9.eyJzdWIiOiJhZG1pbkBnbWFpbC5jb20iLCJpYXQiOjE3MTU4NzM4OTAsImV4cCI6MTcxNTg3NDE5MH0.c9ayjcieGLEYgJdjzfszezxqc4OyZyms2ElBFf9Hg1k','BEARER',2),(534,_binary '',_binary '','eyJhbGciOiJIUzI1NiJ9.eyJzdWIiOiJhZG1pbkBnbWFpbC5jb20iLCJpYXQiOjE3MTU4NzM5MzcsImV4cCI6MTcxNTg3NDIzN30.V0puPhjnSSu4u0P7mmivx3uno7o2ZvkWzGFIpJEaAYk','BEARER',2),(535,_binary '',_binary '','eyJhbGciOiJIUzI1NiJ9.eyJzdWIiOiJhZG1pbkBnbWFpbC5jb20iLCJpYXQiOjE3MTU4NzQyNTEsImV4cCI6MTcxNTg3NDU1MX0.hHtQGPjMkTcVjah86MsyDGHeLSH51KgUfxS1OJQC2uM','BEARER',2),(536,_binary '',_binary '','eyJhbGciOiJIUzI1NiJ9.eyJzdWIiOiJhZG1pbkBnbWFpbC5jb20iLCJpYXQiOjE3MTU4NzQ1NTYsImV4cCI6MTcxNTg3NDg1Nn0.kMZ7aiixcJzKEMSbtY8R-yW-wh_s0p-sR7Fi5gQEHfs','BEARER',2),(537,_binary '',_binary '','eyJhbGciOiJIUzI1NiJ9.eyJzdWIiOiJhZG1pbkBnbWFpbC5jb20iLCJpYXQiOjE3MTU4NzQ3MzYsImV4cCI6MTcxNTg3NTAzNn0.K0jxQ79hcCQNJeF6BEXVKSOK35zuYsQLd8eGpukVSlk','BEARER',2),(538,_binary '',_binary '','eyJhbGciOiJIUzI1NiJ9.eyJzdWIiOiJhZG1pbkBnbWFpbC5jb20iLCJpYXQiOjE3MTU4NzQ4NjQsImV4cCI6MTcxNTg3NTE2NH0.HSKh94DL_IAnHjUjaIdU3m_scfVR93v_4FAseSwh9SY','BEARER',2),(539,_binary '',_binary '','eyJhbGciOiJIUzI1NiJ9.eyJzdWIiOiJhZG1pbkBnbWFpbC5jb20iLCJpYXQiOjE3MTU4NzUwNDUsImV4cCI6MTcxNTg3NTM0NX0.EE15gfoYOM_ux3SW8rHHLJi96ms_Jckcya8kcbdf9EI','BEARER',2),(540,_binary '',_binary '','eyJhbGciOiJIUzI1NiJ9.eyJzdWIiOiJhZG1pbkBnbWFpbC5jb20iLCJpYXQiOjE3MTU4NzUwNzIsImV4cCI6MTcxNTg3NTM3Mn0.dOXF8R4l562Kns7CO8kP0Lu9ke5rtlDHcNxjmRF1V8c','BEARER',2),(541,_binary '',_binary '','eyJhbGciOiJIUzI1NiJ9.eyJzdWIiOiJhZG1pbkBnbWFpbC5jb20iLCJpYXQiOjE3MTU4NzUwNzcsImV4cCI6MTcxNTg3NTM3N30.giimanZ6h9dHGGtv53N7DMtMn1S2ByJ5d8LMA7n6dGM','BEARER',2),(542,_binary '',_binary '','eyJhbGciOiJIUzI1NiJ9.eyJzdWIiOiJhZG1pbkBnbWFpbC5jb20iLCJpYXQiOjE3MTU4NzUxMDMsImV4cCI6MTcxNTg3NTQwM30.uRxApUndfIMY43C1CKpv39JUnlslkIenGZ0blJs0uLs','BEARER',2),(543,_binary '',_binary '','eyJhbGciOiJIUzI1NiJ9.eyJzdWIiOiJhZG1pbkBnbWFpbC5jb20iLCJpYXQiOjE3MTU4NzUxMTcsImV4cCI6MTcxNTg3NTQxN30.iNd1sljgT0N9YDySNcuxw0qSuohBZy6fIFoIaAGcKpU','BEARER',2),(544,_binary '',_binary '','eyJhbGciOiJIUzI1NiJ9.eyJzdWIiOiJhZG1pbkBnbWFpbC5jb20iLCJpYXQiOjE3MTU4NzUxMjksImV4cCI6MTcxNTg3NTQyOX0.R-tMpwKlexZvRsgIMDCRVyHhNJkKLW1a_Nps8J0_7P0','BEARER',2),(545,_binary '',_binary '','eyJhbGciOiJIUzI1NiJ9.eyJzdWIiOiJhZG1pbkBnbWFpbC5jb20iLCJpYXQiOjE3MTU4NzUxMzUsImV4cCI6MTcxNTg3NTQzNX0.rYHWdLieh91C7AbG4IQT7ycHYiY1Q2gx6HI9YWXAwmY','BEARER',2),(546,_binary '',_binary '','eyJhbGciOiJIUzI1NiJ9.eyJzdWIiOiJhZG1pbkBnbWFpbC5jb20iLCJpYXQiOjE3MTU4NzUxMzksImV4cCI6MTcxNTg3NTQzOX0.6xuQizZapjM7_Rb05BQ8ik0VJ7BXtNl43BA8vEAvTc8','BEARER',2),(547,_binary '',_binary '','eyJhbGciOiJIUzI1NiJ9.eyJzdWIiOiJhZG1pbkBnbWFpbC5jb20iLCJpYXQiOjE3MTU4NzUxNDIsImV4cCI6MTcxNTg3NTQ0Mn0.Bn_E7yAu8lYR--ictn-mbngqqePQV0rTLrHacOnD_Hg','BEARER',2),(548,_binary '',_binary '','eyJhbGciOiJIUzI1NiJ9.eyJzdWIiOiJhZG1pbkBnbWFpbC5jb20iLCJpYXQiOjE3MTU4NzUxNTAsImV4cCI6MTcxNTg3NTQ1MH0.WmqgULC2TS7ACrljBI9e6NSAz_IW5uN2ld8yj9jdbnI','BEARER',2),(549,_binary '',_binary '','eyJhbGciOiJIUzI1NiJ9.eyJzdWIiOiJhZG1pbkBnbWFpbC5jb20iLCJpYXQiOjE3MTU5MTgyMzEsImV4cCI6MTcxNTkxODUzMX0.I2234GkxfgEf-b9DfAlW1qCvcSOpdwt29Cz0zusQbfw','BEARER',2),(550,_binary '',_binary '','eyJhbGciOiJIUzI1NiJ9.eyJzdWIiOiJhZG1pbkBnbWFpbC5jb20iLCJpYXQiOjE3MTU5MTgzOTAsImV4cCI6MTcxNTkxODY5MH0.2IpMJBc6NgVoY8wbi7DjSiNXI4E2qJuyIhcuChZ4ty4','BEARER',2),(551,_binary '',_binary '','eyJhbGciOiJIUzI1NiJ9.eyJzdWIiOiJhZG1pbkBnbWFpbC5jb20iLCJpYXQiOjE3MTU5MTg0NjMsImV4cCI6MTcxNTkxODc2M30.hootK9Ft6Z-lfmhi2nqqHJm-FLv-ND5vrLDvWBulKWU','BEARER',2),(552,_binary '',_binary '','eyJhbGciOiJIUzI1NiJ9.eyJzdWIiOiJhZG1pbkBnbWFpbC5jb20iLCJpYXQiOjE3MTU5MTg2NDMsImV4cCI6MTcxNTkxODk0M30.f9gUW7TuJM0ORZs2_cv0pfBzn6_H09Vhtew25l5jr-M','BEARER',2),(553,_binary '',_binary '','eyJhbGciOiJIUzI1NiJ9.eyJzdWIiOiJhZG1pbkBnbWFpbC5jb20iLCJpYXQiOjE3MTU5MTg4MjMsImV4cCI6MTcxNTkxOTEyM30.CQaUCYpKX_21gEcO_souscec1o0UsVR4W_XXZ7uyKtI','BEARER',2),(554,_binary '',_binary '','eyJhbGciOiJIUzI1NiJ9.eyJzdWIiOiJhZG1pbkBnbWFpbC5jb20iLCJpYXQiOjE3MTU5MTkwMDMsImV4cCI6MTcxNTkxOTMwM30.Chtn-I93d4KGu1Elezwq-4ffzXOgBHZm0DgGSVAa1jQ','BEARER',2),(555,_binary '',_binary '','eyJhbGciOiJIUzI1NiJ9.eyJzdWIiOiJhZG1pbkBnbWFpbC5jb20iLCJpYXQiOjE3MTU5MTkwNDIsImV4cCI6MTcxNTkxOTM0Mn0.SlzhoQsjT4XYKxsbE2L3zio9ne1iEBcvk4_Lr5g6BfU','BEARER',2),(556,_binary '',_binary '','eyJhbGciOiJIUzI1NiJ9.eyJzdWIiOiJhZG1pbkBnbWFpbC5jb20iLCJpYXQiOjE3MTU5MTkwNDQsImV4cCI6MTcxNTkxOTM0NH0.968LQlpxFOS1LJ1XQ4sx4-I7H_jcaB0fAZoHTvw39BI','BEARER',2),(557,_binary '',_binary '','eyJhbGciOiJIUzI1NiJ9.eyJzdWIiOiJhZG1pbkBnbWFpbC5jb20iLCJpYXQiOjE3MTU5MTkyMjQsImV4cCI6MTcxNTkxOTUyNH0.MUcg1EtHm4gQx2SzDDaH2L2gFB-q8Dm_YqyYos0V040','BEARER',2),(558,_binary '',_binary '','eyJhbGciOiJIUzI1NiJ9.eyJzdWIiOiJhZG1pbkBnbWFpbC5jb20iLCJpYXQiOjE3MTU5MTk0MDQsImV4cCI6MTcxNTkxOTcwNH0.bwcbzHt1p3ZajkS134avXy12DcqrvbwMdxMlXNJTV-Y','BEARER',2),(559,_binary '',_binary '','eyJhbGciOiJIUzI1NiJ9.eyJzdWIiOiJhZG1pbkBnbWFpbC5jb20iLCJpYXQiOjE3MTU5MTk1ODQsImV4cCI6MTcxNTkxOTg4NH0.ibC2l5y-TAWuPCK3R_CctOTpw7i7bT5Lf7OuDE0mhnY','BEARER',2),(560,_binary '',_binary '','eyJhbGciOiJIUzI1NiJ9.eyJzdWIiOiJhZG1pbkBnbWFpbC5jb20iLCJpYXQiOjE3MTU5MTk3NjQsImV4cCI6MTcxNTkyMDA2NH0.CEw2xZpQVBDOCzI4K46Q4FiGQVHmjm1VwUHpWWRyo7E','BEARER',2),(561,_binary '',_binary '','eyJhbGciOiJIUzI1NiJ9.eyJzdWIiOiJhZG1pbkBnbWFpbC5jb20iLCJpYXQiOjE3MTU5MTk5NDUsImV4cCI6MTcxNTkyMDI0NX0.XYwfDy64YlxymBYsgY5ecUpIISthESeHAiGWY3_PJ1w','BEARER',2),(562,_binary '',_binary '','eyJhbGciOiJIUzI1NiJ9.eyJzdWIiOiJhZG1pbkBnbWFpbC5jb20iLCJpYXQiOjE3MTU5MjAxMjUsImV4cCI6MTcxNTkyMDQyNX0.KgTsJDObdEtS4Z7HUT0uH8qwjZTHr3xPdx64S-0gXzk','BEARER',2),(563,_binary '',_binary '','eyJhbGciOiJIUzI1NiJ9.eyJzdWIiOiJhZG1pbkBnbWFpbC5jb20iLCJpYXQiOjE3MTU5MjAzMDYsImV4cCI6MTcxNTkyMDYwNn0.rQSWs8-BqXdjJouWQU57rwQuL_sQkWc3xX6qFas3EkI','BEARER',2),(564,_binary '',_binary '','eyJhbGciOiJIUzI1NiJ9.eyJzdWIiOiJhZG1pbkBnbWFpbC5jb20iLCJpYXQiOjE3MTU5MjA0ODcsImV4cCI6MTcxNTkyMDc4N30.yX34J3uOY6AglhPJTRineX6CbsWUy5hJ_oo8cOp9V90','BEARER',2),(565,_binary '',_binary '','eyJhbGciOiJIUzI1NiJ9.eyJzdWIiOiJhZG1pbkBnbWFpbC5jb20iLCJpYXQiOjE3MTU5MjA2NjcsImV4cCI6MTcxNTkyMDk2N30.PYSlibv_ehMGjR2wjEYQhex94qJ9uI1jq3actgorJdo','BEARER',2),(566,_binary '',_binary '','eyJhbGciOiJIUzI1NiJ9.eyJzdWIiOiJhZG1pbkBnbWFpbC5jb20iLCJpYXQiOjE3MTU5MjA4NDgsImV4cCI6MTcxNTkyMTE0OH0.fCWZiq0VJNPMEfAOkKNeyV8YFq1lcMNpDU_FT1Z2Uxk','BEARER',2),(567,_binary '',_binary '','eyJhbGciOiJIUzI1NiJ9.eyJzdWIiOiJhZG1pbkBnbWFpbC5jb20iLCJpYXQiOjE3MTU5MjExMjAsImV4cCI6MTcxNTkyMTQyMH0.MMEFVh38-t1ltb2rpzaEgtxnz3rVPfDjCADg0nKGa4g','BEARER',2),(568,_binary '',_binary '','eyJhbGciOiJIUzI1NiJ9.eyJzdWIiOiJhZG1pbkBnbWFpbC5jb20iLCJpYXQiOjE3MTU5MjEzMDAsImV4cCI6MTcxNTkyMTYwMH0.InzKoi2AlnQWVA3qljD0Tg-AhpTE-XloIYLt0tfdv4M','BEARER',2),(569,_binary '',_binary '','eyJhbGciOiJIUzI1NiJ9.eyJzdWIiOiJhZG1pbkBnbWFpbC5jb20iLCJpYXQiOjE3MTU5MjE0ODAsImV4cCI6MTcxNTkyMTc4MH0.JD5Tw7pWmK3K4P-5yzNktl-M9WE9JkcJgbADU5PQRnA','BEARER',2),(570,_binary '',_binary '','eyJhbGciOiJIUzI1NiJ9.eyJzdWIiOiJhZG1pbkBnbWFpbC5jb20iLCJpYXQiOjE3MTU5MjE2NjEsImV4cCI6MTcxNTkyMTk2MX0.EtFc4xn0w-NsCCUPzP2nGZWYTtHhhSY2szSTRfaJTxw','BEARER',2),(571,_binary '',_binary '','eyJhbGciOiJIUzI1NiJ9.eyJzdWIiOiJhZG1pbkBnbWFpbC5jb20iLCJpYXQiOjE3MTU5MjE4NDIsImV4cCI6MTcxNTkyMjE0Mn0.3kVM3V1OfyY5QWvLF8JHwUbuNhRshmcFf6HdZrFR24E','BEARER',2),(572,_binary '',_binary '','eyJhbGciOiJIUzI1NiJ9.eyJzdWIiOiJhZG1pbkBnbWFpbC5jb20iLCJpYXQiOjE3MTU5MjIwMjIsImV4cCI6MTcxNTkyMjMyMn0.IkTDWGeVSI9wdLVILXhgj5B15K06XZbXU2SxnSYdx_U','BEARER',2),(573,_binary '',_binary '','eyJhbGciOiJIUzI1NiJ9.eyJzdWIiOiJhZG1pbkBnbWFpbC5jb20iLCJpYXQiOjE3MTU5MjIyMDMsImV4cCI6MTcxNTkyMjUwM30.2EC8At-CQjcp4ilfbHhoczMCP6vbocPbkX67KbdCIyY','BEARER',2),(574,_binary '',_binary '','eyJhbGciOiJIUzI1NiJ9.eyJzdWIiOiJhZG1pbkBnbWFpbC5jb20iLCJpYXQiOjE3MTU5MjIzODMsImV4cCI6MTcxNTkyMjY4M30.BovXNGfjvx2fPm7twQJxU5l_1zgwyI2wEGO440wzihE','BEARER',2),(575,_binary '',_binary '','eyJhbGciOiJIUzI1NiJ9.eyJzdWIiOiJhZG1pbkBnbWFpbC5jb20iLCJpYXQiOjE3MTU5MjI1NjMsImV4cCI6MTcxNTkyMjg2M30.h02-5Xax-rmt0WcU6Wq4DPw7O19IojwGyFpY0ftk060','BEARER',2),(576,_binary '',_binary '','eyJhbGciOiJIUzI1NiJ9.eyJzdWIiOiJhZG1pbkBnbWFpbC5jb20iLCJpYXQiOjE3MTU5MjI3NDMsImV4cCI6MTcxNTkyMzA0M30.LnbVmYGt8WI8l5jmmvjgCCKPysx60FrnFPN163uUio4','BEARER',2),(577,_binary '',_binary '','eyJhbGciOiJIUzI1NiJ9.eyJzdWIiOiJhZG1pbkBnbWFpbC5jb20iLCJpYXQiOjE3MTU5MjI5MjQsImV4cCI6MTcxNTkyMzIyNH0.at85I1PZzMRE-VwuSOCEVbHK1ZW8ZWXnC78Dr-4uotc','BEARER',2),(578,_binary '',_binary '','eyJhbGciOiJIUzI1NiJ9.eyJzdWIiOiJhZG1pbkBnbWFpbC5jb20iLCJpYXQiOjE3MTYxNzM1ODgsImV4cCI6MTcxNjE3Mzg4OH0.NM-UTdiF5r3CUfUGIBeX8zQBx5e-8d7kFsFST8aHgWE','BEARER',2),(579,_binary '',_binary '','eyJhbGciOiJIUzI1NiJ9.eyJzdWIiOiJhZG1pbkBnbWFpbC5jb20iLCJpYXQiOjE3MTYxNzM3NjgsImV4cCI6MTcxNjE3NDA2OH0.2pwdbPRkWjMMExZZIZKoKW4k9-5jgU8aqA5e1HCbXoM','BEARER',2),(580,_binary '',_binary '','eyJhbGciOiJIUzI1NiJ9.eyJzdWIiOiJhZG1pbkBnbWFpbC5jb20iLCJpYXQiOjE3MTYxNzM5NDksImV4cCI6MTcxNjE3NDI0OX0.n8568b9Mlea4MmIcypO-PYFOqFKIenkr7zaL9dcZ3tM','BEARER',2),(581,_binary '',_binary '','eyJhbGciOiJIUzI1NiJ9.eyJzdWIiOiJhZG1pbkBnbWFpbC5jb20iLCJpYXQiOjE3MTYxNzQwMzgsImV4cCI6MTcxNjE3NDMzOH0.pv0I31ZtIOSHW3oj4qJj64zKbP8WmKqSurmSHmOLMWk','BEARER',2),(582,_binary '',_binary '','eyJhbGciOiJIUzI1NiJ9.eyJzdWIiOiJhZG1pbkBnbWFpbC5jb20iLCJpYXQiOjE3MTYxNzQyMTgsImV4cCI6MTcxNjE3NDUxOH0.sqwppZzRLti2yjfyOBMhoC4JwDDrjoz9jFPE5O0frro','BEARER',2),(583,_binary '',_binary '','eyJhbGciOiJIUzI1NiJ9.eyJzdWIiOiJhZG1pbkBnbWFpbC5jb20iLCJpYXQiOjE3MTYxNzQzMjYsImV4cCI6MTcxNjE3NDYyNn0.E4pgf2zbj0x8FjYYZX40C34g0UWlz8wHvxi-MfKg21Y','BEARER',2),(584,_binary '',_binary '','eyJhbGciOiJIUzI1NiJ9.eyJzdWIiOiJhZG1pbkBnbWFpbC5jb20iLCJpYXQiOjE3MTYxNzQzNDQsImV4cCI6MTcxNjE3NDY0NH0.Sdvt-0JeQRLcmzY21I6Sx79DOZFfuKuZT5_avYp0Zq8','BEARER',2),(585,_binary '',_binary '','eyJhbGciOiJIUzI1NiJ9.eyJzdWIiOiJhZG1pbkBnbWFpbC5jb20iLCJpYXQiOjE3MTYxNzQ1MjQsImV4cCI6MTcxNjE3NDgyNH0.YWqgxgkovtTH58M-TydOGNhXbzLsDp2DQJFBevyN0ok','BEARER',2),(586,_binary '',_binary '','eyJhbGciOiJIUzI1NiJ9.eyJzdWIiOiJhZG1pbkBnbWFpbC5jb20iLCJpYXQiOjE3MTYxNzQ1MzAsImV4cCI6MTcxNjE3NDgzMH0.vqL_2gMO26qhXj3xdxdGNEh934fE_A-8ldZdQ9s8C6I','BEARER',2),(587,_binary '',_binary '','eyJhbGciOiJIUzI1NiJ9.eyJzdWIiOiJhZG1pbkBnbWFpbC5jb20iLCJpYXQiOjE3MTYxNzQ2MjksImV4cCI6MTcxNjE3NDkyOX0.jyQdrT0dRor24h8iKHh2qs2q_9z3TpI3vKO7FWrZlDc','BEARER',2),(588,_binary '',_binary '','eyJhbGciOiJIUzI1NiJ9.eyJzdWIiOiJhZG1pbkBnbWFpbC5jb20iLCJpYXQiOjE3MTYxNzQ2OTIsImV4cCI6MTcxNjE3NDk5Mn0.P_kPQ_sxA855vNZ_AYrzdx9cY1hcETj5Z1dXvQaKWgE','BEARER',2),(589,_binary '',_binary '','eyJhbGciOiJIUzI1NiJ9.eyJzdWIiOiJhZG1pbkBnbWFpbC5jb20iLCJpYXQiOjE3MTYxNzQ4NzIsImV4cCI6MTcxNjE3NTE3Mn0.5DnBaudQntUTXcyTJYqmCZgXCNgt7urkQS6QfBopdm0','BEARER',2),(590,_binary '',_binary '','eyJhbGciOiJIUzI1NiJ9.eyJzdWIiOiJhZG1pbkBnbWFpbC5jb20iLCJpYXQiOjE3MTYxNzUwNTIsImV4cCI6MTcxNjE3NTM1Mn0.ARef9eKm129tT4p7hkW32eQnSAJ6Vw_FCRk6BxPoHKg','BEARER',2),(591,_binary '',_binary '','eyJhbGciOiJIUzI1NiJ9.eyJzdWIiOiJhZG1pbkBnbWFpbC5jb20iLCJpYXQiOjE3MTYxNzUyMzMsImV4cCI6MTcxNjE3NTUzM30.bR2oXsY-oOEsdAjZ2ZieH84UuGGJh86nja3Ewr6Tlco','BEARER',2),(592,_binary '',_binary '','eyJhbGciOiJIUzI1NiJ9.eyJzdWIiOiJhZG1pbkBnbWFpbC5jb20iLCJpYXQiOjE3MTYxNzUzNjcsImV4cCI6MTcxNjE3NTY2N30.5sJuIlpgvHkBouCBvgYZboB3gfhc9l1xI90bnbaeXHM','BEARER',2),(593,_binary '',_binary '','eyJhbGciOiJIUzI1NiJ9.eyJzdWIiOiJhZG1pbkBnbWFpbC5jb20iLCJpYXQiOjE3MTYxNzU1NDcsImV4cCI6MTcxNjE3NTg0N30.iDB3N4OfX9rctXGExGP-u4SD4-04kehxjfmf2nCO6lo','BEARER',2),(594,_binary '',_binary '','eyJhbGciOiJIUzI1NiJ9.eyJzdWIiOiJhZG1pbkBnbWFpbC5jb20iLCJpYXQiOjE3MTYxNzU2MDgsImV4cCI6MTcxNjE3NTkwOH0.XorHTmToSdZP4MxYNRovv1EBsYL5QGrmCNKfdMvZezc','BEARER',2),(595,_binary '',_binary '','eyJhbGciOiJIUzI1NiJ9.eyJzdWIiOiJhZG1pbkBnbWFpbC5jb20iLCJpYXQiOjE3MTYxNzU3ODgsImV4cCI6MTcxNjE3NjA4OH0.wjv_UZKWIxjFp30W7KlbR3wizMObQclnCoStyz4ii4U','BEARER',2),(596,_binary '',_binary '','eyJhbGciOiJIUzI1NiJ9.eyJzdWIiOiJhZG1pbkBnbWFpbC5jb20iLCJpYXQiOjE3MTYxNzU5NjgsImV4cCI6MTcxNjE3NjI2OH0.D96y-tVnOS2BUx0E_K_Xtt_ZCE7AKUXySUy0s3-4RHM','BEARER',2),(597,_binary '',_binary '','eyJhbGciOiJIUzI1NiJ9.eyJzdWIiOiJhZG1pbkBnbWFpbC5jb20iLCJpYXQiOjE3MTYxNzU5NzIsImV4cCI6MTcxNjE3NjI3Mn0.TEw3t4kpBbu7sI4ABC9GfCgQc6rFe3pyycEZ2SmqBDo','BEARER',2),(598,_binary '',_binary '','eyJhbGciOiJIUzI1NiJ9.eyJzdWIiOiJhZG1pbkBnbWFpbC5jb20iLCJpYXQiOjE3MTYxNzYxMTYsImV4cCI6MTcxNjE3NjQxNn0.iRow5n4izZ0GOWGxgiIj3Ws19wj91QklWnXQHZ6CbAI','BEARER',2),(599,_binary '',_binary '','eyJhbGciOiJIUzI1NiJ9.eyJzdWIiOiJhZG1pbkBnbWFpbC5jb20iLCJpYXQiOjE3MTYxNzYxODksImV4cCI6MTcxNjE3NjQ4OX0.tt8uPzS6IpyB7CaV_ax-wWG4UEhMNaOGDcsFrwKEZqo','BEARER',2),(600,_binary '',_binary '','eyJhbGciOiJIUzI1NiJ9.eyJzdWIiOiJhZG1pbkBnbWFpbC5jb20iLCJpYXQiOjE3MTYxNzYzMjksImV4cCI6MTcxNjE3NjYyOX0.3SBrWoTtTby3HbVXmRWurtRfpuhXFOXzdy7zeKwJGJo','BEARER',2),(601,_binary '',_binary '','eyJhbGciOiJIUzI1NiJ9.eyJzdWIiOiJhZG1pbkBnbWFpbC5jb20iLCJpYXQiOjE3MTYxNzYzNzEsImV4cCI6MTcxNjE3NjY3MX0.raEmlshfJFEDwXjSrG93MkIivtHY5NYSUIVfXcHaSVY','BEARER',2),(602,_binary '',_binary '','eyJhbGciOiJIUzI1NiJ9.eyJzdWIiOiJhZG1pbkBnbWFpbC5jb20iLCJpYXQiOjE3MTYxNzY0ODYsImV4cCI6MTcxNjE3Njc4Nn0.2GmN6dYFXtU6A2tgPgLFO-sKjLFB-T217LA2G5chbD4','BEARER',2),(603,_binary '',_binary '','eyJhbGciOiJIUzI1NiJ9.eyJzdWIiOiJhZG1pbkBnbWFpbC5jb20iLCJpYXQiOjE3MTYxNzY1NjUsImV4cCI6MTcxNjE3Njg2NX0.ZyGtmHo6a0R7vIB-_QPco9RddRWfjEj7wwmnWuxAeUc','BEARER',2),(604,_binary '',_binary '','eyJhbGciOiJIUzI1NiJ9.eyJzdWIiOiJhZG1pbkBnbWFpbC5jb20iLCJpYXQiOjE3MTYxNzY1OTQsImV4cCI6MTcxNjE3Njg5NH0.5vaoo0uprc3zqjadN4jy0dhmOFmC2Tzga2lah6sLN3U','BEARER',2),(605,_binary '',_binary '','eyJhbGciOiJIUzI1NiJ9.eyJzdWIiOiJhZG1pbkBnbWFpbC5jb20iLCJpYXQiOjE3MTYxNzY3NzQsImV4cCI6MTcxNjE3NzA3NH0.ENigaPDVwPlmMABI0PGi0cToyMbmR9sBg9rrvVzcirk','BEARER',2),(606,_binary '',_binary '','eyJhbGciOiJIUzI1NiJ9.eyJzdWIiOiJhZG1pbkBnbWFpbC5jb20iLCJpYXQiOjE3MTYxNzY4NTIsImV4cCI6MTcxNjE3NzE1Mn0.z7pyM_8GhrtxR5jccDi_Dpz1UgC6LsmjjF8-s2DP7AU','BEARER',2),(607,_binary '',_binary '','eyJhbGciOiJIUzI1NiJ9.eyJzdWIiOiJhZG1pbkBnbWFpbC5jb20iLCJpYXQiOjE3MTYxNzY4NTgsImV4cCI6MTcxNjE3NzE1OH0._gcRFm97ezYC0egQftA1blHx0emzlhThvpgvSBf4G5w','BEARER',2),(608,_binary '',_binary '','eyJhbGciOiJIUzI1NiJ9.eyJzdWIiOiJhZG1pbkBnbWFpbC5jb20iLCJpYXQiOjE3MTYxNzY5NTUsImV4cCI6MTcxNjE3NzI1NX0.Gz1WJUnR32UdDH_zkpip-_zRvj5h5mm1AajcKdP3wak','BEARER',2),(609,_binary '',_binary '','eyJhbGciOiJIUzI1NiJ9.eyJzdWIiOiJhZG1pbkBnbWFpbC5jb20iLCJpYXQiOjE3MTYxNzcxMzUsImV4cCI6MTcxNjE3NzQzNX0.EJcDkzcupag-LIrbDqy8dP2Zx-OY1367PkDp4lTT_I8','BEARER',2),(610,_binary '',_binary '','eyJhbGciOiJIUzI1NiJ9.eyJzdWIiOiJhZG1pbkBnbWFpbC5jb20iLCJpYXQiOjE3MTYxNzcyODIsImV4cCI6MTcxNjE3NzU4Mn0.Gu_wgUcr-7A3_kpM7AXjC4_JO_tMNOgQ30fau7XZPtw','BEARER',2),(611,_binary '',_binary '','eyJhbGciOiJIUzI1NiJ9.eyJzdWIiOiJhZG1pbkBnbWFpbC5jb20iLCJpYXQiOjE3MTYxNzczMTUsImV4cCI6MTcxNjE3NzYxNX0.rpzIVhhB3vgfyfQqezxeljIZ0PAMdheKCLJ2mcwYEww','BEARER',2),(612,_binary '',_binary '','eyJhbGciOiJIUzI1NiJ9.eyJzdWIiOiJhZG1pbkBnbWFpbC5jb20iLCJpYXQiOjE3MTYxNzczMzcsImV4cCI6MTcxNjE3NzYzN30.zkgbYrB5tE0APQ0E2VLmLQ1Cxts4EMrX55nbCwx-1iA','BEARER',2),(613,_binary '',_binary '','eyJhbGciOiJIUzI1NiJ9.eyJzdWIiOiJhZG1pbkBnbWFpbC5jb20iLCJpYXQiOjE3MTYxNzc1MTcsImV4cCI6MTcxNjE3NzgxN30.LzC-I16oWktMh2igaXWdr_mr0p2ApCj5rqlm0qfTSzw','BEARER',2),(614,_binary '',_binary '','eyJhbGciOiJIUzI1NiJ9.eyJzdWIiOiJhZG1pbkBnbWFpbC5jb20iLCJpYXQiOjE3MTYxNzc2OTcsImV4cCI6MTcxNjE3Nzk5N30.ctW5sm28Qg0tGfD0DEpoaBRYfQVkCYZs8Byk3IWid3Q','BEARER',2),(615,_binary '',_binary '','eyJhbGciOiJIUzI1NiJ9.eyJzdWIiOiJhZG1pbkBnbWFpbC5jb20iLCJpYXQiOjE3MTYxNzc3MzksImV4cCI6MTcxNjE3ODAzOX0.lFRD7s9jgJkBoChDcDeVdIzK2lQgb-gIQRq58yBpcms','BEARER',2),(616,_binary '',_binary '','eyJhbGciOiJIUzI1NiJ9.eyJzdWIiOiJhZG1pbkBnbWFpbC5jb20iLCJpYXQiOjE3MTYxNzc5MTksImV4cCI6MTcxNjE3ODIxOX0.j5FMDuTDPovIIRDUMEGGgRWrSt5M6rqPN2wlMszyxME','BEARER',2),(617,_binary '',_binary '','eyJhbGciOiJIUzI1NiJ9.eyJzdWIiOiJhZG1pbkBnbWFpbC5jb20iLCJpYXQiOjE3MTYxNzgxMDAsImV4cCI6MTcxNjE3ODQwMH0._6EVDNsK3hXRS_Pd-ib_4DjuYyHFDcfszAjEAktfL70','BEARER',2),(618,_binary '',_binary '','eyJhbGciOiJIUzI1NiJ9.eyJzdWIiOiJhZG1pbkBnbWFpbC5jb20iLCJpYXQiOjE3MTYxNzgyODEsImV4cCI6MTcxNjE3ODU4MX0.1SwmpmPa64iBS86vot4XofCh5yXGFvYSl2iY1i-Wj1M','BEARER',2),(619,_binary '',_binary '','eyJhbGciOiJIUzI1NiJ9.eyJzdWIiOiJhZG1pbkBnbWFpbC5jb20iLCJpYXQiOjE3MTYxNzg0NjIsImV4cCI6MTcxNjE3ODc2Mn0.nKZgWpidob8Xv518e8uRufvJZUM3gRCJuwB3HY5y8qM','BEARER',2),(620,_binary '',_binary '','eyJhbGciOiJIUzI1NiJ9.eyJzdWIiOiJhZG1pbkBnbWFpbC5jb20iLCJpYXQiOjE3MTYxNzg2NDIsImV4cCI6MTcxNjE3ODk0Mn0.rejJeCu5TxISXM9dB8wdfToYCPCFxBHzPlgOxME4bBU','BEARER',2),(621,_binary '',_binary '','eyJhbGciOiJIUzI1NiJ9.eyJzdWIiOiJhZG1pbkBnbWFpbC5jb20iLCJpYXQiOjE3MTYxNzg3MDUsImV4cCI6MTcxNjE3OTAwNX0.X7g_4dLvgApeY2ipTwiOKPwOM6bIO8i47rTZJCKBqk0','BEARER',2),(622,_binary '',_binary '','eyJhbGciOiJIUzI1NiJ9.eyJzdWIiOiJhZG1pbkBnbWFpbC5jb20iLCJpYXQiOjE3MTYxNzg4MjIsImV4cCI6MTcxNjE3OTEyMn0.pLlDpxu3Twwh9hKWSFaLc-g9-q3K-YNvjAuOyFMwepM','BEARER',2),(623,_binary '',_binary '','eyJhbGciOiJIUzI1NiJ9.eyJzdWIiOiJhZG1pbkBnbWFpbC5jb20iLCJpYXQiOjE3MTYxNzg4ODYsImV4cCI6MTcxNjE3OTE4Nn0.UtOjoRU_dF8nKDvreiU0d8vGyj9_TmUt1Pe9nch0VyY','BEARER',2),(624,_binary '',_binary '','eyJhbGciOiJIUzI1NiJ9.eyJzdWIiOiJhZG1pbkBnbWFpbC5jb20iLCJpYXQiOjE3MTYxNzg5NTMsImV4cCI6MTcxNjE3OTI1M30.O8RqV7KXP3LF3dGaMyv1E1E9CJ1V__JM5ebxlVRr7Pw','BEARER',2),(625,_binary '',_binary '','eyJhbGciOiJIUzI1NiJ9.eyJzdWIiOiJhZG1pbkBnbWFpbC5jb20iLCJpYXQiOjE3MTYxNzkxMzMsImV4cCI6MTcxNjE3OTQzM30.LRRpq-eE87e2eWN-h5Ehz2FaaNWgY7Gr-so9slTnF2U','BEARER',2),(626,_binary '',_binary '','eyJhbGciOiJIUzI1NiJ9.eyJzdWIiOiJhZG1pbkBnbWFpbC5jb20iLCJpYXQiOjE3MTYxNzkxNDksImV4cCI6MTcxNjE3OTQ0OX0.qUmt6jmT0ZWtsBDq12rh2e01fhMbkvptL5SHU8bdQjE','BEARER',2),(627,_binary '',_binary '','eyJhbGciOiJIUzI1NiJ9.eyJzdWIiOiJhZG1pbkBnbWFpbC5jb20iLCJpYXQiOjE3MTYxNzkyNTEsImV4cCI6MTcxNjE3OTU1MX0.5yOPgs-s9t3IRRnHO_Hv7Aj7gOnvnaI1qNaeSkKrUog','BEARER',2),(628,_binary '',_binary '','eyJhbGciOiJIUzI1NiJ9.eyJzdWIiOiJhZG1pbkBnbWFpbC5jb20iLCJpYXQiOjE3MTYxNzkzMjksImV4cCI6MTcxNjE3OTYyOX0.rT3_CSHmC3WSqZU4k6N5bkB1_kft4eHBSA6DE9iogUE','BEARER',2),(629,_binary '',_binary '','eyJhbGciOiJIUzI1NiJ9.eyJzdWIiOiJhZG1pbkBnbWFpbC5jb20iLCJpYXQiOjE3MTYxNzk0MzIsImV4cCI6MTcxNjE3OTczMn0.HQiiMC7II0wbUFpAorgXm47SvMcT1ojqlVLASJDTt5U','BEARER',2),(630,_binary '',_binary '','eyJhbGciOiJIUzI1NiJ9.eyJzdWIiOiJhZG1pbkBnbWFpbC5jb20iLCJpYXQiOjE3MTYxNzk1MTAsImV4cCI6MTcxNjE3OTgxMH0.sZvoq1f_jK6250KcBI8ZEpW1Km1LLQygTCjxF2RX8Lw','BEARER',2),(631,_binary '',_binary '','eyJhbGciOiJIUzI1NiJ9.eyJzdWIiOiJhZG1pbkBnbWFpbC5jb20iLCJpYXQiOjE3MTYxNzk1MTEsImV4cCI6MTcxNjE3OTgxMX0.a_g3aKlApxg09KFLCA5g7BtyZSBaPUHKghuXKn5h_jU','BEARER',2),(632,_binary '',_binary '','eyJhbGciOiJIUzI1NiJ9.eyJzdWIiOiJhZG1pbkBnbWFpbC5jb20iLCJpYXQiOjE3MTYxNzk2OTEsImV4cCI6MTcxNjE3OTk5MX0.oaLNbRKEDqITKoisONhUhkXwl4CC_T6YuVMdv6hIyPo','BEARER',2),(633,_binary '',_binary '','eyJhbGciOiJIUzI1NiJ9.eyJzdWIiOiJhZG1pbkBnbWFpbC5jb20iLCJpYXQiOjE3MTYxNzk2OTIsImV4cCI6MTcxNjE3OTk5Mn0.mwvRecoMh4V0q83WAk5A2tLOonX-J_IOLuapP4ZO8JY','BEARER',2),(634,_binary '',_binary '','eyJhbGciOiJIUzI1NiJ9.eyJzdWIiOiJhZG1pbkBnbWFpbC5jb20iLCJpYXQiOjE3MTYxNzk4NzIsImV4cCI6MTcxNjE4MDE3Mn0.3ogvem2pIj6kunzcx83E-Wbtw-LITtJ6DKEO0NOO1Zc','BEARER',2),(635,_binary '',_binary '','eyJhbGciOiJIUzI1NiJ9.eyJzdWIiOiJhZG1pbkBnbWFpbC5jb20iLCJpYXQiOjE3MTYxNzk4NzMsImV4cCI6MTcxNjE4MDE3M30.2yAbON74pGh9a-6oI8GGCpal8DefreqjT4ifA1C_mD8','BEARER',2),(636,_binary '',_binary '','eyJhbGciOiJIUzI1NiJ9.eyJzdWIiOiJhZG1pbkBnbWFpbC5jb20iLCJpYXQiOjE3MTYxODAwNTMsImV4cCI6MTcxNjE4MDM1M30.fHEnfVy_EGUundwgN-8z8BMmYQn949yMqi16Y-X8mh0','BEARER',2),(637,_binary '',_binary '','eyJhbGciOiJIUzI1NiJ9.eyJzdWIiOiJhZG1pbkBnbWFpbC5jb20iLCJpYXQiOjE3MTYxODAwNTQsImV4cCI6MTcxNjE4MDM1NH0.2fGFTKNVxxaIfz-oomRSv-37ls-5bdk_x7V1STHcoqk','BEARER',2),(638,_binary '',_binary '','eyJhbGciOiJIUzI1NiJ9.eyJzdWIiOiJhZG1pbkBnbWFpbC5jb20iLCJpYXQiOjE3MTYxODAwOTksImV4cCI6MTcxNjE4MDM5OX0.2zt3KsXxRhyvqbvGEaisKGRi8pkEAasu6En38UGsX2c','BEARER',2),(639,_binary '',_binary '','eyJhbGciOiJIUzI1NiJ9.eyJzdWIiOiJhZG1pbkBnbWFpbC5jb20iLCJpYXQiOjE3MTYxODAxMDEsImV4cCI6MTcxNjE4MDQwMX0.BRKTxLNDBBvTHQR5kIpoKDAW5RbEackf1rRVWCSbZVw','BEARER',2),(640,_binary '',_binary '','eyJhbGciOiJIUzI1NiJ9.eyJzdWIiOiJhZG1pbkBnbWFpbC5jb20iLCJpYXQiOjE3MTYxODAyMjYsImV4cCI6MTcxNjE4MDUyNn0.ehv2QV3are1gWk60BwKhfF8xCb02TmddDNrKec13sOg','BEARER',2),(641,_binary '',_binary '','eyJhbGciOiJIUzI1NiJ9.eyJzdWIiOiJhZG1pbkBnbWFpbC5jb20iLCJpYXQiOjE3MTYxODAyODMsImV4cCI6MTcxNjE4MDU4M30.XNVYjFqKZmGzvzmkvp7RjsCgE5jDu3FpvgXz5S3uQsA','BEARER',2),(642,_binary '',_binary '','eyJhbGciOiJIUzI1NiJ9.eyJzdWIiOiJhZG1pbkBnbWFpbC5jb20iLCJpYXQiOjE3MTYxODA0MDcsImV4cCI6MTcxNjE4MDcwN30.bRniJxdhcROLRfOETL_0vV908UGjhjAeH6IaA0gqhTA','BEARER',2),(643,_binary '',_binary '','eyJhbGciOiJIUzI1NiJ9.eyJzdWIiOiJhZG1pbkBnbWFpbC5jb20iLCJpYXQiOjE3MTYxODA0NjMsImV4cCI6MTcxNjE4MDc2M30.jI9NPpKX68GVWsk6Uj5ZAu2cMJN0agkt5zgA4L1nwfc','BEARER',2),(644,_binary '',_binary '','eyJhbGciOiJIUzI1NiJ9.eyJzdWIiOiJhZG1pbkBnbWFpbC5jb20iLCJpYXQiOjE3MTYxODA1ODgsImV4cCI6MTcxNjE4MDg4OH0.OOKzLI8gyTveKf_qhNZlcRZZbeQIXkBhA_wQF5jJDnk','BEARER',2),(645,_binary '',_binary '','eyJhbGciOiJIUzI1NiJ9.eyJzdWIiOiJhZG1pbkBnbWFpbC5jb20iLCJpYXQiOjE3MTYxODA2NDQsImV4cCI6MTcxNjE4MDk0NH0.QXNa_HB06eyo6AjoHBad29fP8COhtnihVoBrnbLJMQY','BEARER',2),(646,_binary '',_binary '','eyJhbGciOiJIUzI1NiJ9.eyJzdWIiOiJhZG1pbkBnbWFpbC5jb20iLCJpYXQiOjE3MTYxODA4MjUsImV4cCI6MTcxNjE4MTEyNX0.6YC0GYV2EVihC3jf6464wQJaXjdBaaHmonJ0XIq5SIg','BEARER',2),(647,_binary '',_binary '','eyJhbGciOiJIUzI1NiJ9.eyJzdWIiOiJhZG1pbkBnbWFpbC5jb20iLCJpYXQiOjE3MTYxODA4NzMsImV4cCI6MTcxNjE4MTE3M30.FHvKxxKVARhyL3DXyJsHt78D7grSdMHZI2ysFKQIkKs','BEARER',2),(648,_binary '',_binary '','eyJhbGciOiJIUzI1NiJ9.eyJzdWIiOiJhZG1pbkBnbWFpbC5jb20iLCJpYXQiOjE3MTYxODEwNTQsImV4cCI6MTcxNjE4MTM1NH0.gROLaFtEyOgMoZNX7yZ0pKvKk3Loid9jiYvTfYakQQ0','BEARER',2),(649,_binary '',_binary '','eyJhbGciOiJIUzI1NiJ9.eyJzdWIiOiJhZG1pbkBnbWFpbC5jb20iLCJpYXQiOjE3MTYxODEwODYsImV4cCI6MTcxNjE4MTM4Nn0.TvOiXp1XeoDh6LUnxO8YPa_Z0rIvOqpF6gqS3GjUIWk','BEARER',2),(650,_binary '',_binary '','eyJhbGciOiJIUzI1NiJ9.eyJzdWIiOiJhZG1pbkBnbWFpbC5jb20iLCJpYXQiOjE3MTYxODExNTEsImV4cCI6MTcxNjE4MTQ1MX0.ewvxRgkVafsYjT-5dWTcdnijBLCCAka8PXBXGE-LLcs','BEARER',2),(651,_binary '',_binary '','eyJhbGciOiJIUzI1NiJ9.eyJzdWIiOiJhZG1pbkBnbWFpbC5jb20iLCJpYXQiOjE3MTYxODEyNjcsImV4cCI6MTcxNjE4MTU2N30.YcCX-hNai44ktMrB7JZcpXf2mEvt8Hk9pBYNQW3q3OA','BEARER',2),(652,_binary '',_binary '','eyJhbGciOiJIUzI1NiJ9.eyJzdWIiOiJhZG1pbkBnbWFpbC5jb20iLCJpYXQiOjE3MTYxODEzMzIsImV4cCI6MTcxNjE4MTYzMn0.3lOXSRgcEhGi6LEya5hZq6re5ZQcSjNw-J3Sm58t-sw','BEARER',2),(653,_binary '',_binary '','eyJhbGciOiJIUzI1NiJ9.eyJzdWIiOiJhZG1pbkBnbWFpbC5jb20iLCJpYXQiOjE3MTYxODE0NDgsImV4cCI6MTcxNjE4MTc0OH0.ReFXN9kUOzPme_nKJXudlD_pBJsZeJSey9hu6xsdsME','BEARER',2),(654,_binary '',_binary '','eyJhbGciOiJIUzI1NiJ9.eyJzdWIiOiJhZG1pbkBnbWFpbC5jb20iLCJpYXQiOjE3MTYxODE1MTMsImV4cCI6MTcxNjE4MTgxM30.apQRdlqftH6QbBJnQRqQXQj84QrY38226tYWPrx70kU','BEARER',2),(655,_binary '',_binary '','eyJhbGciOiJIUzI1NiJ9.eyJzdWIiOiJhZG1pbkBnbWFpbC5jb20iLCJpYXQiOjE3MTYxODE1MzksImV4cCI6MTcxNjE4MTgzOX0.LzsHAFgXaNPRspghBfu00CQ5UFhhU_w_zAGfo0xrqk0','BEARER',2),(656,_binary '',_binary '','eyJhbGciOiJIUzI1NiJ9.eyJzdWIiOiJhZG1pbkBnbWFpbC5jb20iLCJpYXQiOjE3MTYxODE2MjksImV4cCI6MTcxNjE4MTkyOX0.f6aWG7cnBIr5R2kodxvJOqB2UFLjQxP9wNCEqLkdcRM','BEARER',2),(657,_binary '',_binary '','eyJhbGciOiJIUzI1NiJ9.eyJzdWIiOiJhZG1pbkBnbWFpbC5jb20iLCJpYXQiOjE3MTYxODE2OTQsImV4cCI6MTcxNjE4MTk5NH0.T2aOwBUXGg2HsFGtxzFPmjy3-jCDmNlyAYgtXySd7yg','BEARER',2),(658,_binary '',_binary '','eyJhbGciOiJIUzI1NiJ9.eyJzdWIiOiJhZG1pbkBnbWFpbC5jb20iLCJpYXQiOjE3MTYxODE3MDAsImV4cCI6MTcxNjE4MjAwMH0.OYnWjlEWhzHDM_-4FW4JIV-JBN21bdAxMwINBrxBRv8','BEARER',2),(659,_binary '',_binary '','eyJhbGciOiJIUzI1NiJ9.eyJzdWIiOiJhZG1pbkBnbWFpbC5jb20iLCJpYXQiOjE3MTYxODE4MTAsImV4cCI6MTcxNjE4MjExMH0.sdMK99OABfe8O1uPHAcucbwrwMkYNVigtCEXy6AixP8','BEARER',2),(660,_binary '',_binary '','eyJhbGciOiJIUzI1NiJ9.eyJzdWIiOiJhZG1pbkBnbWFpbC5jb20iLCJpYXQiOjE3MTYxODE4ODEsImV4cCI6MTcxNjE4MjE4MX0.DkPtdovQXSO9lJP1xUdgysAKxZvO2Ad95X8-JyIhwoc','BEARER',2),(661,_binary '',_binary '','eyJhbGciOiJIUzI1NiJ9.eyJzdWIiOiJhZG1pbkBnbWFpbC5jb20iLCJpYXQiOjE3MTYxODE4OTgsImV4cCI6MTcxNjE4MjE5OH0._QFITQ1klA1niLlhfrigZiBAmgZEEjuZiAkxt-U6pGU','BEARER',2),(662,_binary '',_binary '','eyJhbGciOiJIUzI1NiJ9.eyJzdWIiOiJhZG1pbkBnbWFpbC5jb20iLCJpYXQiOjE3MTYxODE5MDYsImV4cCI6MTcxNjE4MjIwNn0.zMKS5MUlxmlPsiOyhTVAlUiR3Gn6qg1K1n-iSFU2rg8','BEARER',2),(663,_binary '',_binary '','eyJhbGciOiJIUzI1NiJ9.eyJzdWIiOiJhZG1pbkBnbWFpbC5jb20iLCJpYXQiOjE3MTYxODE5OTAsImV4cCI6MTcxNjE4MjI5MH0.kvTYFo5jX133AWnmGFX4OUrIuDUV8fnJ3PpjFWQKsHw','BEARER',2),(664,_binary '',_binary '','eyJhbGciOiJIUzI1NiJ9.eyJzdWIiOiJhZG1pbkBnbWFpbC5jb20iLCJpYXQiOjE3MTYxODIwODYsImV4cCI6MTcxNjE4MjM4Nn0.ZRw4EvhBQ2dCRvwvxDJSqXgFTve092-b-TIKTuzqCDg','BEARER',2),(665,_binary '',_binary '','eyJhbGciOiJIUzI1NiJ9.eyJzdWIiOiJhZG1pbkBnbWFpbC5jb20iLCJpYXQiOjE3MTYxODIxNzEsImV4cCI6MTcxNjE4MjQ3MX0.rC-EPxEDqIPakSLCYdpABh94UcXIcjTOjInhsQMFkK4','BEARER',2),(666,_binary '',_binary '','eyJhbGciOiJIUzI1NiJ9.eyJzdWIiOiJhZG1pbkBnbWFpbC5jb20iLCJpYXQiOjE3MTYxODIyNjcsImV4cCI6MTcxNjE4MjU2N30.0R3RsE-n2jcOaERL0eqdEet2dDGTyimAw1mGjbDt1Co','BEARER',2),(667,_binary '',_binary '','eyJhbGciOiJIUzI1NiJ9.eyJzdWIiOiJhZG1pbkBnbWFpbC5jb20iLCJpYXQiOjE3MTYxODIzNTIsImV4cCI6MTcxNjE4MjY1Mn0.-UPjmmUz0cW0lPXrxeL3EnrUVmcqYvaeH-9kBt2zzaA','BEARER',2),(668,_binary '',_binary '','eyJhbGciOiJIUzI1NiJ9.eyJzdWIiOiJhZG1pbkBnbWFpbC5jb20iLCJpYXQiOjE3MTYxODIzOTAsImV4cCI6MTcxNjE4MjY5MH0.GWMpr-R6gbsJndc5STCNlfhSO6-evorBCHkc0mXA5Oo','BEARER',2),(669,_binary '',_binary '','eyJhbGciOiJIUzI1NiJ9.eyJzdWIiOiJhZG1pbkBnbWFpbC5jb20iLCJpYXQiOjE3MTYxOTEyOTUsImV4cCI6MTcxNjE5MTU5NX0.l2jIBg0i5bnLXAZvUs6bSykMpeVQfYlQwCllWMqkZKQ','BEARER',2),(670,_binary '',_binary '','eyJhbGciOiJIUzI1NiJ9.eyJzdWIiOiJhZG1pbkBnbWFpbC5jb20iLCJpYXQiOjE3MTYxOTE0NzYsImV4cCI6MTcxNjE5MTc3Nn0.ucZjIISh4lQrafcVwIbUb_bmM_2oEDvET1r9vkt3pnM','BEARER',2),(671,_binary '',_binary '','eyJhbGciOiJIUzI1NiJ9.eyJzdWIiOiJhZG1pbkBnbWFpbC5jb20iLCJpYXQiOjE3MTYxOTE2NTcsImV4cCI6MTcxNjE5MTk1N30.G1SP4Gj0Oaj08XVE_bm5xqjniD36JkXIYk3n_D-TtDI','BEARER',2),(672,_binary '',_binary '','eyJhbGciOiJIUzI1NiJ9.eyJzdWIiOiJhZG1pbkBnbWFpbC5jb20iLCJpYXQiOjE3MTYxOTE4MzcsImV4cCI6MTcxNjE5MjEzN30.LhodNPmfe7mrChUb5gG_N0EOWvYShQjVyFAlN8kIYps','BEARER',2),(673,_binary '',_binary '','eyJhbGciOiJIUzI1NiJ9.eyJzdWIiOiJhZG1pbkBnbWFpbC5jb20iLCJpYXQiOjE3MTYxOTE4NTQsImV4cCI6MTcxNjE5MjE1NH0.rResucOjiWs4gO8sFM_7c81DKMZ9b0qZ6dgIVT8wZh4','BEARER',2),(674,_binary '',_binary '','eyJhbGciOiJIUzI1NiJ9.eyJzdWIiOiJhZG1pbkBnbWFpbC5jb20iLCJpYXQiOjE3MTYxOTE4NTcsImV4cCI6MTcxNjE5MjE1N30.-FtwcPaJ8UaUxo5ImfIUVZRXXzJVbqaxwnc3EWn28NM','BEARER',2),(675,_binary '',_binary '','eyJhbGciOiJIUzI1NiJ9.eyJzdWIiOiJhZG1pbkBnbWFpbC5jb20iLCJpYXQiOjE3MTYxOTE4NjAsImV4cCI6MTcxNjE5MjE2MH0.-NEmFOpfZpgn9oyQxp4XbueZMEjXZk3aGjT51my3qTU','BEARER',2),(676,_binary '',_binary '','eyJhbGciOiJIUzI1NiJ9.eyJzdWIiOiJhZG1pbkBnbWFpbC5jb20iLCJpYXQiOjE3MTYxOTIwMTcsImV4cCI6MTcxNjE5MjMxN30.822yhhtXF-2pnBsD_8ojMwbwDes62KAC14Wub2-7M14','BEARER',2),(677,_binary '',_binary '','eyJhbGciOiJIUzI1NiJ9.eyJzdWIiOiJhZG1pbkBnbWFpbC5jb20iLCJpYXQiOjE3MTYxOTIwNDAsImV4cCI6MTcxNjE5MjM0MH0.QV3MmXRuDkLaRLqWezxKr-97QTxyiJ1BJ_jr3BowT3s','BEARER',2),(678,_binary '',_binary '','eyJhbGciOiJIUzI1NiJ9.eyJzdWIiOiJhZG1pbkBnbWFpbC5jb20iLCJpYXQiOjE3MTYxOTIxOTcsImV4cCI6MTcxNjE5MjQ5N30.5p5oiPH-sO4qzKjvbfeunqFpkcEYWDzozKwaMUuWWb0','BEARER',2),(679,_binary '',_binary '','eyJhbGciOiJIUzI1NiJ9.eyJzdWIiOiJhZG1pbkBnbWFpbC5jb20iLCJpYXQiOjE3MTYxOTIyMDEsImV4cCI6MTcxNjE5MjUwMX0.AuC3lbxRkwnMAVLxqr3BGyHHpU75Pr06tB2F_5Or97k','BEARER',2),(680,_binary '',_binary '','eyJhbGciOiJIUzI1NiJ9.eyJzdWIiOiJhZG1pbkBnbWFpbC5jb20iLCJpYXQiOjE3MTYxOTIzNzgsImV4cCI6MTcxNjE5MjY3OH0.-0DjhogLzP_0FZKucWy8fHKkZZFUO1kr7NJ7u5Lc_-k','BEARER',2),(681,_binary '',_binary '','eyJhbGciOiJIUzI1NiJ9.eyJzdWIiOiJhZG1pbkBnbWFpbC5jb20iLCJpYXQiOjE3MTYxOTIzODEsImV4cCI6MTcxNjE5MjY4MX0.y3bc1qfZPKGOi8SbxoOLVAZMXI1qZ4VLK54FLgBSZuM','BEARER',2),(682,_binary '',_binary '','eyJhbGciOiJIUzI1NiJ9.eyJzdWIiOiJhZG1pbkBnbWFpbC5jb20iLCJpYXQiOjE3MTYxOTI1NTksImV4cCI6MTcxNjE5Mjg1OX0.VzDNo5CKY0-1o5zlB293J6j-sCF_7aDu49746iviXj4','BEARER',2),(683,_binary '',_binary '','eyJhbGciOiJIUzI1NiJ9.eyJzdWIiOiJhZG1pbkBnbWFpbC5jb20iLCJpYXQiOjE3MTYxOTI1NjIsImV4cCI6MTcxNjE5Mjg2Mn0.hg5H37pwEGjVHrT48NmPZJX9fImTJOM5sBc4u5ory5o','BEARER',2),(684,_binary '',_binary '','eyJhbGciOiJIUzI1NiJ9.eyJzdWIiOiJhZG1pbkBnbWFpbC5jb20iLCJpYXQiOjE3MTYxOTI3NDAsImV4cCI6MTcxNjE5MzA0MH0.84QqOrCAL8pJiNfPco17BJPMgVeJWCziFcts3-TEDiI','BEARER',2),(685,_binary '',_binary '','eyJhbGciOiJIUzI1NiJ9.eyJzdWIiOiJhZG1pbkBnbWFpbC5jb20iLCJpYXQiOjE3MTYxOTI3NDMsImV4cCI6MTcxNjE5MzA0M30.V_jk56Rpd0bkTL5zcfdhu0ZKQhjyui2PoV2bx5t3CQI','BEARER',2),(686,_binary '',_binary '','eyJhbGciOiJIUzI1NiJ9.eyJzdWIiOiJhZG1pbkBnbWFpbC5jb20iLCJpYXQiOjE3MTYxOTI5MjAsImV4cCI6MTcxNjE5MzIyMH0.GLrGRRgohSOotTZoYBBQABH1MKmgPksNpwbUcjt3DUc','BEARER',2),(687,_binary '',_binary '','eyJhbGciOiJIUzI1NiJ9.eyJzdWIiOiJhZG1pbkBnbWFpbC5jb20iLCJpYXQiOjE3MTYxOTI5MjQsImV4cCI6MTcxNjE5MzIyNH0.g4UgZ28OfT4DRHHiSjdUz17o2l1jZnno4apqqbHf7Zs','BEARER',2),(688,_binary '',_binary '','eyJhbGciOiJIUzI1NiJ9.eyJzdWIiOiJhZG1pbkBnbWFpbC5jb20iLCJpYXQiOjE3MTYxOTMwMDUsImV4cCI6MTcxNjE5MzMwNX0.PEfVjkD4OwzhpiyS68HYJtnDrl-QmBsVl9e2mBpNoTA','BEARER',2),(689,_binary '',_binary '','eyJhbGciOiJIUzI1NiJ9.eyJzdWIiOiJhZG1pbkBnbWFpbC5jb20iLCJpYXQiOjE3MTYxOTMxMDEsImV4cCI6MTcxNjE5MzQwMX0.NUpGBBDVJBu8yljbMUdWc1stGFRK5Whkpe3aCPj760k','BEARER',2),(690,_binary '',_binary '','eyJhbGciOiJIUzI1NiJ9.eyJzdWIiOiJhZG1pbkBnbWFpbC5jb20iLCJpYXQiOjE3MTYxOTMxODUsImV4cCI6MTcxNjE5MzQ4NX0.DVaNo6updjIQsJhCqfCoopyZVsALwDpeT8YDnP4Yqi4','BEARER',2),(691,_binary '',_binary '','eyJhbGciOiJIUzI1NiJ9.eyJzdWIiOiJhZG1pbkBnbWFpbC5jb20iLCJpYXQiOjE3MTYxOTMyODIsImV4cCI6MTcxNjE5MzU4Mn0.sVXTUbUEGB4e39PT_F93FQkKmR3eTaQPHCaHQD3K1_w','BEARER',2),(692,_binary '',_binary '','eyJhbGciOiJIUzI1NiJ9.eyJzdWIiOiJhZG1pbkBnbWFpbC5jb20iLCJpYXQiOjE3MTYxOTMzMzYsImV4cCI6MTcxNjE5MzYzNn0.wtk-323Zo2IgLtpjgis6WIYRzm8ZZb5RxhXGpUa5EBk','BEARER',2),(693,_binary '',_binary '','eyJhbGciOiJIUzI1NiJ9.eyJzdWIiOiJhZG1pbkBnbWFpbC5jb20iLCJpYXQiOjE3MTYxOTM1MTYsImV4cCI6MTcxNjE5MzgxNn0.TZ4z6C8OjCdKJv_rKkr1KW8FzEdKFh41zCRgTlljJGg','BEARER',2),(694,_binary '',_binary '','eyJhbGciOiJIUzI1NiJ9.eyJzdWIiOiJhZG1pbkBnbWFpbC5jb20iLCJpYXQiOjE3MTYxOTM1MjEsImV4cCI6MTcxNjE5MzgyMX0.PpJ210nJ6Q9E9XyC-JGQUe3WzjyCpxfwzXSuN5JLZ5c','BEARER',2),(695,_binary '',_binary '','eyJhbGciOiJIUzI1NiJ9.eyJzdWIiOiJhZG1pbkBnbWFpbC5jb20iLCJpYXQiOjE3MTYxOTM2OTcsImV4cCI6MTcxNjE5Mzk5N30.9LGyG9zJ1CAcJpDklnyuRNH8Mm-sn7IaIOURMd2Djus','BEARER',2),(696,_binary '',_binary '','eyJhbGciOiJIUzI1NiJ9.eyJzdWIiOiJhZG1pbkBnbWFpbC5jb20iLCJpYXQiOjE3MTYxOTM3MDEsImV4cCI6MTcxNjE5NDAwMX0.5-HjfjAYwfLs3wQlIHpoJ4pNmwU3pEqI73CRDUg18MI','BEARER',2),(697,_binary '',_binary '','eyJhbGciOiJIUzI1NiJ9.eyJzdWIiOiJhZG1pbkBnbWFpbC5jb20iLCJpYXQiOjE3MTYxOTM4NzgsImV4cCI6MTcxNjE5NDE3OH0.AOkqRlZmqthvLQw7WpUjcrJ5VukMON7hTERbgqktKr8','BEARER',2),(698,_binary '',_binary '','eyJhbGciOiJIUzI1NiJ9.eyJzdWIiOiJhZG1pbkBnbWFpbC5jb20iLCJpYXQiOjE3MTYxOTM4ODIsImV4cCI6MTcxNjE5NDE4Mn0.HgiKsQJ6E0XN3VqWQ7H7CPMOdyg_IujqZH4hYeWjnw8','BEARER',2),(699,_binary '',_binary '','eyJhbGciOiJIUzI1NiJ9.eyJzdWIiOiJhZG1pbkBnbWFpbC5jb20iLCJpYXQiOjE3MTYxOTM5NTUsImV4cCI6MTcxNjE5NDI1NX0.4HVm20lnMos-UqF-PVyNe5MxBdVrKAR-Oo3Z1hXBXzw','BEARER',2),(700,_binary '',_binary '','eyJhbGciOiJIUzI1NiJ9.eyJzdWIiOiJhZG1pbkBnbWFpbC5jb20iLCJpYXQiOjE3MTYxOTM5OTcsImV4cCI6MTcxNjE5NDI5N30.AC5vZ8E3-CC3_tdS3B__UR-21D2MRw2_Y23MxiYExPg','BEARER',2),(701,_binary '',_binary '','eyJhbGciOiJIUzI1NiJ9.eyJzdWIiOiJhZG1pbkBnbWFpbC5jb20iLCJpYXQiOjE3MTYxOTQwNjMsImV4cCI6MTcxNjE5NDM2M30.mnVIrepeIFVKW-JhY_QG3n4iV-WYH-5d-M6XYP0_3iM','BEARER',2),(702,_binary '',_binary '','eyJhbGciOiJIUzI1NiJ9.eyJzdWIiOiJhZG1pbkBnbWFpbC5jb20iLCJpYXQiOjE3MTYxOTQxNzcsImV4cCI6MTcxNjE5NDQ3N30.gEbeyTd10Sg3dOSHcMWIqsnuYZb3TueqHFSJuDrFWyY','BEARER',2),(703,_binary '',_binary '','eyJhbGciOiJIUzI1NiJ9.eyJzdWIiOiJhZG1pbkBnbWFpbC5jb20iLCJpYXQiOjE3MTYxOTQyNDMsImV4cCI6MTcxNjE5NDU0M30.nWFSaKP26ME89Q3BDzVpTPmBJ6UrIQp9Zccb8ebWMnY','BEARER',2),(704,_binary '',_binary '','eyJhbGciOiJIUzI1NiJ9.eyJzdWIiOiJhZG1pbkBnbWFpbC5jb20iLCJpYXQiOjE3MTYxOTQzNTgsImV4cCI6MTcxNjE5NDY1OH0.YQxMFIaY9IYfayunQNxpT98yRdZsMdzmqU-XLVLwV40','BEARER',2),(705,_binary '',_binary '','eyJhbGciOiJIUzI1NiJ9.eyJzdWIiOiJhZG1pbkBnbWFpbC5jb20iLCJpYXQiOjE3MTYxOTQ0MjQsImV4cCI6MTcxNjE5NDcyNH0.cDTzxp0aaPC6mbaRr9TUsud2mtovyQziJ1SmiP8xZuE','BEARER',2),(706,_binary '',_binary '','eyJhbGciOiJIUzI1NiJ9.eyJzdWIiOiJhZG1pbkBnbWFpbC5jb20iLCJpYXQiOjE3MTYxOTQ1MzksImV4cCI6MTcxNjE5NDgzOX0.9vSntT8L1wqFN6QBhNLzp6N7EZ2w6i8JvgjkE9NlJtQ','BEARER',2),(707,_binary '',_binary '','eyJhbGciOiJIUzI1NiJ9.eyJzdWIiOiJhZG1pbkBnbWFpbC5jb20iLCJpYXQiOjE3MTYxOTQ2MDQsImV4cCI6MTcxNjE5NDkwNH0.QwRvdf_Pez35oXUnkjTPaaerkw2pTTkdrasroEygdjE','BEARER',2),(708,_binary '',_binary '','eyJhbGciOiJIUzI1NiJ9.eyJzdWIiOiJhZG1pbkBnbWFpbC5jb20iLCJpYXQiOjE3MTYxOTQ3MjAsImV4cCI6MTcxNjE5NTAyMH0.AsGEnO9G8d4e4GDu7Sc5C9JuqXHdx14azMZ3qjkZodE','BEARER',2),(709,_binary '',_binary '','eyJhbGciOiJIUzI1NiJ9.eyJzdWIiOiJhZG1pbkBnbWFpbC5jb20iLCJpYXQiOjE3MTYxOTQ4NTQsImV4cCI6MTcxNjE5NTE1NH0.ILlR0bW_EDaEhYBIBZ7kyV16bSbK07rCkN98GZxg3DA','BEARER',2),(710,_binary '',_binary '','eyJhbGciOiJIUzI1NiJ9.eyJzdWIiOiJhZG1pbkBnbWFpbC5jb20iLCJpYXQiOjE3MTYxOTQ5MDEsImV4cCI6MTcxNjE5NTIwMX0.eQBlkX4Q-fg56_GV2ghcSy3mwC3Pi6PlXMK_dDvC--c','BEARER',2),(711,_binary '',_binary '','eyJhbGciOiJIUzI1NiJ9.eyJzdWIiOiJhZG1pbkBnbWFpbC5jb20iLCJpYXQiOjE3MTYxOTUwMTEsImV4cCI6MTcxNjE5NTMxMX0.wE-NIGX6f1s8wEX_Re2OxaPDOI3Wlhbr_adNmu1h07Q','BEARER',2),(712,_binary '',_binary '','eyJhbGciOiJIUzI1NiJ9.eyJzdWIiOiJhZG1pbkBnbWFpbC5jb20iLCJpYXQiOjE3MTYxOTUwODIsImV4cCI6MTcxNjE5NTM4Mn0.9ljRrffPqJZM3uSOS8TcgmzDU7yTTed9vqX9pGtubzw','BEARER',2),(713,_binary '',_binary '','eyJhbGciOiJIUzI1NiJ9.eyJzdWIiOiJhZG1pbkBnbWFpbC5jb20iLCJpYXQiOjE3MTYxOTUxOTQsImV4cCI6MTcxNjE5NTQ5NH0.UbHvjGVAzo6D4M4_4DFw9QLVs2d5OOnQDohf0Q-Cqhg','BEARER',2),(714,_binary '',_binary '','eyJhbGciOiJIUzI1NiJ9.eyJzdWIiOiJhZG1pbkBnbWFpbC5jb20iLCJpYXQiOjE3MTYxOTUyNjMsImV4cCI6MTcxNjE5NTU2M30.RFsqiAaPxjE7Fv2lruI3VN4y6ywqdfg5_giv8HpdUVI','BEARER',2),(715,_binary '',_binary '','eyJhbGciOiJIUzI1NiJ9.eyJzdWIiOiJhZG1pbkBnbWFpbC5jb20iLCJpYXQiOjE3MTYxOTUzMjQsImV4cCI6MTcxNjE5NTYyNH0.hNlPzlqfGcXKymxSiOgG18-05ik2hqFemS7J85BCzXg','BEARER',2),(716,_binary '',_binary '','eyJhbGciOiJIUzI1NiJ9.eyJzdWIiOiJhZG1pbkBnbWFpbC5jb20iLCJpYXQiOjE3MTYxOTUzMjUsImV4cCI6MTcxNjE5NTYyNX0.lAHD7QfTV800cfhFwafCBw3Q6SA42scrEn1YQnemL7w','BEARER',2),(717,_binary '',_binary '','eyJhbGciOiJIUzI1NiJ9.eyJzdWIiOiJhZG1pbkBnbWFpbC5jb20iLCJpYXQiOjE3MTYxOTU0NDcsImV4cCI6MTcxNjE5NTc0N30.TecFy0pCNp75kT9pkNpsDqmlLPeRwbloC6hmiqfvXzM','BEARER',2),(718,_binary '',_binary '','eyJhbGciOiJIUzI1NiJ9.eyJzdWIiOiJhZG1pbkBnbWFpbC5jb20iLCJpYXQiOjE3MTYxOTU0NTAsImV4cCI6MTcxNjE5NTc1MH0.rd6hdgnwNp76HvNN-22pit7VldayUzLXz2_k1_5JHCg','BEARER',2),(719,_binary '',_binary '','eyJhbGciOiJIUzI1NiJ9.eyJzdWIiOiJhZG1pbkBnbWFpbC5jb20iLCJpYXQiOjE3MTYxOTU0NzIsImV4cCI6MTcxNjE5NTc3Mn0.VDxRhayKPR_lAZGdw2bG4WCLWVdtR-w-F0etVO94uZ0','BEARER',2),(720,_binary '',_binary '','eyJhbGciOiJIUzI1NiJ9.eyJzdWIiOiJhZG1pbkBnbWFpbC5jb20iLCJpYXQiOjE3MTYxOTU0NzMsImV4cCI6MTcxNjE5NTc3M30.Z2jN7t8ekbHfKoLmFS_cw-3Vo1ztjCJNBPlc9CVhNMA','BEARER',2),(721,_binary '',_binary '','eyJhbGciOiJIUzI1NiJ9.eyJzdWIiOiJhZG1pbkBnbWFpbC5jb20iLCJpYXQiOjE3MTYxOTU0NzQsImV4cCI6MTcxNjE5NTc3NH0.mMLXIidUhhjF03naTRPqnsxHDz9zR7DfRU6EdxzhYKM','BEARER',2),(722,_binary '',_binary '','eyJhbGciOiJIUzI1NiJ9.eyJzdWIiOiJhZG1pbkBnbWFpbC5jb20iLCJpYXQiOjE3MTYxOTU1MDAsImV4cCI6MTcxNjE5NTgwMH0.UXsJU8bTZ5TjZQRixdgjznEWz-BYq1k7LChrK4rA77Q','BEARER',2),(723,_binary '',_binary '','eyJhbGciOiJIUzI1NiJ9.eyJzdWIiOiJhZG1pbkBnbWFpbC5jb20iLCJpYXQiOjE3MTYxOTU1MTgsImV4cCI6MTcxNjE5NTgxOH0.ZJjxNq-byEm0vagYP2zYbVJ59M8Tqf8B1qLpFA2BGig','BEARER',2),(724,_binary '',_binary '','eyJhbGciOiJIUzI1NiJ9.eyJzdWIiOiJhZG1pbkBnbWFpbC5jb20iLCJpYXQiOjE3MTYxOTU1MjcsImV4cCI6MTcxNjE5NTgyN30.b5jhsLaS5nAuiHYp4aorxGz39n-z0yUijYAYo7bIqoQ','BEARER',2),(725,_binary '',_binary '','eyJhbGciOiJIUzI1NiJ9.eyJzdWIiOiJhZG1pbkBnbWFpbC5jb20iLCJpYXQiOjE3MTYxOTU1MzMsImV4cCI6MTcxNjE5NTgzM30.BNK7xAWerkDAOVZZaxR2WOYVeRY40z5hl3lo-lcvSac','BEARER',2),(726,_binary '',_binary '','eyJhbGciOiJIUzI1NiJ9.eyJzdWIiOiJhZG1pbkBnbWFpbC5jb20iLCJpYXQiOjE3MTYxOTU1NDAsImV4cCI6MTcxNjE5NTg0MH0.HKyccLiEIpRv-lUmMat8bXOKYAphkIlJ6hVfZ46yFj4','BEARER',2),(727,_binary '',_binary '','eyJhbGciOiJIUzI1NiJ9.eyJzdWIiOiJhZG1pbkBnbWFpbC5jb20iLCJpYXQiOjE3MTYxOTU1ODAsImV4cCI6MTcxNjE5NTg4MH0.aY_lgtMW6YhfIE14K3PcSIEYg0yEzsToV3L4W6ahXoM','BEARER',2),(728,_binary '',_binary '','eyJhbGciOiJIUzI1NiJ9.eyJzdWIiOiJhZG1pbkBnbWFpbC5jb20iLCJpYXQiOjE3MTYxOTU4MDIsImV4cCI6MTcxNjE5NjEwMn0.alqEXS0Od5U_6j5c7tz7_KeYDsuCpumL4tlmIGJ72V8','BEARER',2),(729,_binary '',_binary '','eyJhbGciOiJIUzI1NiJ9.eyJzdWIiOiJhZG1pbkBnbWFpbC5jb20iLCJpYXQiOjE3MTYxOTU5ODMsImV4cCI6MTcxNjE5NjI4M30.7MA2kdar_m2TneoFw7yIbF1QXdS620vMnoZZ2j9-m0g','BEARER',2),(730,_binary '',_binary '','eyJhbGciOiJIUzI1NiJ9.eyJzdWIiOiJhZG1pbkBnbWFpbC5jb20iLCJpYXQiOjE3MTYxOTYxMDMsImV4cCI6MTcxNjE5NjQwM30.SyqUnOen9YpZqr-lT654Et7r5lUkxlQjvzJTeMo4MKc','BEARER',2),(731,_binary '',_binary '','eyJhbGciOiJIUzI1NiJ9.eyJzdWIiOiJhZG1pbkBnbWFpbC5jb20iLCJpYXQiOjE3MTYxOTYxMDYsImV4cCI6MTcxNjE5NjQwNn0.cvo1YVN7Hp0amZtV34_YAIw3lMw7VSfy_2L2sJJ4Qco','BEARER',2),(732,_binary '',_binary '','eyJhbGciOiJIUzI1NiJ9.eyJzdWIiOiJhZG1pbkBnbWFpbC5jb20iLCJpYXQiOjE3MTYyNTgxODYsImV4cCI6MTcxNjI1ODQ4Nn0.5NlXtjCYzHBteFdavXxOAB0FURttzGMgfbi4297QosI','BEARER',2),(733,_binary '',_binary '','eyJhbGciOiJIUzI1NiJ9.eyJzdWIiOiJhZG1pbkBnbWFpbC5jb20iLCJpYXQiOjE3MTYyNTgyMTMsImV4cCI6MTcxNjI1ODUxM30.2ngFCI68PiBlILjZfZy8SiwoH6EB3_w_UEqamBOWYHw','BEARER',2),(734,_binary '',_binary '','eyJhbGciOiJIUzI1NiJ9.eyJzdWIiOiJhZG1pbkBnbWFpbC5jb20iLCJpYXQiOjE3MTYyNTgyMTksImV4cCI6MTcxNjI1ODUxOX0.2ybWFOEzdPoY7V0kSH5_yUiqktUzcVksmo5XfQkMPRo','BEARER',2),(735,_binary '',_binary '','eyJhbGciOiJIUzI1NiJ9.eyJzdWIiOiJhZG1pbkBnbWFpbC5jb20iLCJpYXQiOjE3MTYyNTgyMjQsImV4cCI6MTcxNjI1ODUyNH0.PAh4E1b5VpNw-oOoAB4DgbbciZWrLPAd7jTtO8TuN5g','BEARER',2),(736,_binary '',_binary '','eyJhbGciOiJIUzI1NiJ9.eyJzdWIiOiJhZG1pbkBnbWFpbC5jb20iLCJpYXQiOjE3MTYyNTgyMjYsImV4cCI6MTcxNjI1ODUyNn0.dzPQOwBp2dxYXAbZNdUsfWKqklYahoVxaYCq5YlyIa4','BEARER',2),(737,_binary '',_binary '','eyJhbGciOiJIUzI1NiJ9.eyJzdWIiOiJhZG1pbkBnbWFpbC5jb20iLCJpYXQiOjE3MTYyNTg0MDYsImV4cCI6MTcxNjI1ODcwNn0.xng93ELSRNca2mY4nRPx6ndzElqWFd0IG79CVMFTwBk','BEARER',2),(738,_binary '',_binary '','eyJhbGciOiJIUzI1NiJ9.eyJzdWIiOiJhZG1pbkBnbWFpbC5jb20iLCJpYXQiOjE3MTYyNTg3MDIsImV4cCI6MTcxNjI1OTAwMn0.VCHsR-tS77dtoR0GdZicPgpsHo-9iou4xSWLxLGxWVY','BEARER',2),(739,_binary '',_binary '','eyJhbGciOiJIUzI1NiJ9.eyJzdWIiOiJhZG1pbkBnbWFpbC5jb20iLCJpYXQiOjE3MTYyNTg4ODIsImV4cCI6MTcxNjI1OTE4Mn0.GtWjQKKvtllxhLNtX2ER0G-_mQrkAs1u_vIfOLq8Ugc','BEARER',2),(740,_binary '',_binary '','eyJhbGciOiJIUzI1NiJ9.eyJzdWIiOiJhZG1pbkBnbWFpbC5jb20iLCJpYXQiOjE3MTYyNTg5MDQsImV4cCI6MTcxNjI1OTIwNH0.mZlwpUCiIEL5GIC0IVg1VtRAq6_CeFC19f3EnC7IHKY','BEARER',2),(741,_binary '',_binary '','eyJhbGciOiJIUzI1NiJ9.eyJzdWIiOiJhZG1pbkBnbWFpbC5jb20iLCJpYXQiOjE3MTYyNTkwNDUsImV4cCI6MTcxNjI1OTM0NX0.memLOm1gF1bxVhxhcWljkj2ThKCCEZuzfxdK96e0yMg','BEARER',2),(742,_binary '',_binary '','eyJhbGciOiJIUzI1NiJ9.eyJzdWIiOiJhZG1pbkBnbWFpbC5jb20iLCJpYXQiOjE3MTYyNTkyMjUsImV4cCI6MTcxNjI1OTUyNX0.caaDyM2iLaXjEQ2njwOj23zu04d9gVjXtRNjtIbULz4','BEARER',2),(743,_binary '\0',_binary '\0','eyJhbGciOiJIUzI1NiJ9.eyJzdWIiOiJhZG1pbkBnbWFpbC5jb20iLCJpYXQiOjE3MTYyNTkzNDgsImV4cCI6MTcxNjI1OTY0OH0.G0ZlrIPkE7kMamK6Yh0zlZ6J9SMDLVWh4itrHS2n6Xk','BEARER',2);
/*!40000 ALTER TABLE `token` ENABLE KEYS */;
UNLOCK TABLES;

--
-- Table structure for table `user`
--

DROP TABLE IF EXISTS `user`;
/*!40101 SET @saved_cs_client     = @@character_set_client */;
/*!50503 SET character_set_client = utf8mb4 */;
CREATE TABLE `user` (
  `id` int NOT NULL AUTO_INCREMENT,
  `email` varchar(255) DEFAULT NULL,
  `full_name` varchar(255) DEFAULT NULL,
  `password` varchar(255) DEFAULT NULL,
  `role` enum('USER','ADMIN') DEFAULT NULL,
  PRIMARY KEY (`id`)
) ENGINE=InnoDB AUTO_INCREMENT=4 DEFAULT CHARSET=utf8mb4 COLLATE=utf8mb4_0900_ai_ci;
/*!40101 SET character_set_client = @saved_cs_client */;

--
-- Dumping data for table `user`
--

LOCK TABLES `user` WRITE;
/*!40000 ALTER TABLE `user` DISABLE KEYS */;
INSERT INTO `user` VALUES (2,'admin@gmail.com','admin','$2a$10$7UPvV/iBT5O8IjQoZV6Hpu36Zy5wAMGDtOCz389AIBPg3ZbpU4OXS','ADMIN'),(3,'harry@gmail.com','harry','$2a$10$3.kbe0z5gBJbRK799jYlt.EYrIrNwOUv9TLb/z3q37nzXeI48Nrfm','USER');
/*!40000 ALTER TABLE `user` ENABLE KEYS */;
UNLOCK TABLES;
/*!40103 SET TIME_ZONE=@OLD_TIME_ZONE */;

/*!40101 SET SQL_MODE=@OLD_SQL_MODE */;
/*!40014 SET FOREIGN_KEY_CHECKS=@OLD_FOREIGN_KEY_CHECKS */;
/*!40014 SET UNIQUE_CHECKS=@OLD_UNIQUE_CHECKS */;
/*!40101 SET CHARACTER_SET_CLIENT=@OLD_CHARACTER_SET_CLIENT */;
/*!40101 SET CHARACTER_SET_RESULTS=@OLD_CHARACTER_SET_RESULTS */;
/*!40101 SET COLLATION_CONNECTION=@OLD_COLLATION_CONNECTION */;
/*!40111 SET SQL_NOTES=@OLD_SQL_NOTES */;

-- Dump completed on 2024-05-21 10:10:24
